id_kit,timestamp,VWC_20cm_%,VWC_40cm_%,T_soil_C,SWT_20cm_cBar,SWT_40cm_cBar,temperatura_ambiente,cultivo,minutos_riego,momento_optimo,umbral_objetivo_pct,mensaje,confianza,ventana_inicio,ventana_fin,lecturas_ventana,tendencia_humedad_pct_h
KIT_001,2026-06-17 23:36:00,34.99,39.98,22.05,5.39,4.19,20.71,palta,5,2026-06-17T23:36,35.0,regar 5 min; humedad cambia -0.19%/h en la ultima hora,0.0,2026-06-17T22:48,2026-06-17T23:36,49,-0.192
KIT_001,2026-06-17 23:51:00,35.28,40.78,21.41,4.85,3.51,20.97,palta,3,2026-06-17T23:51,35.0,regar 3 min; humedad cambia -0.02%/h en la ultima hora,0.0,2026-06-17T22:51,2026-06-17T23:51,61,-0.019
KIT_001,2026-06-18 00:06:00,35.69,40.33,21.09,4.94,3.89,20.13,palta,9,2026-06-18T00:06,35.0,regar 9 min; humedad cambia +0.20%/h en la ultima hora,0.0,2026-06-17T23:06,2026-06-18T00:06,61,0.198
KIT_001,2026-06-18 00:21:00,34.73,40.06,21.41,5.52,3.55,19.81,palta,10,2026-06-18T00:21,35.0,regar 10 min; humedad cambia -0.22%/h en la ultima hora,0.0,2026-06-17T23:21,2026-06-18T00:21,61,-0.223
KIT_001,2026-06-18 00:36:00,36.14,40.29,20.97,5.14,3.62,19.76,palta,8,2026-06-18T00:36,35.0,regar 8 min; humedad cambia -0.29%/h en la ultima hora,0.0,2026-06-17T23:36,2026-06-18T00:36,61,-0.286
KIT_001,2026-06-18 00:51:00,34.71,40.1,20.11,5.39,3.65,19.38,palta,12,2026-06-18T00:51,35.0,regar 12 min; humedad cambia -0.03%/h en la ultima hora,0.0,2026-06-17T23:51,2026-06-18T00:51,61,-0.027
KIT_001,2026-06-18 01:06:00,35.15,40.44,20.15,4.52,3.7,17.81,palta,10,2026-06-18T01:06,35.0,regar 10 min; humedad cambia +0.28%/h en la ultima hora,0.0,2026-06-18T00:06,2026-06-18T01:06,61,0.276
KIT_001,2026-06-18 01:21:00,34.43,39.92,20.35,4.67,3.78,18.37,palta,16,2026-06-18T01:21,35.0,regar 16 min; humedad cambia +0.14%/h en la ultima hora,0.0,2026-06-18T00:21,2026-06-18T01:21,61,0.138
KIT_001,2026-06-18 01:36:00,35.09,40.11,19.76,4.63,4.18,18.18,palta,10,2026-06-18T01:36,35.0,regar 10 min; humedad cambia -0.12%/h en la ultima hora,0.0,2026-06-18T00:36,2026-06-18T01:36,61,-0.121
KIT_001,2026-06-18 01:51:00,35.71,40.57,19.63,4.26,3.9,17.61,palta,10,2026-06-18T01:51,35.0,regar 10 min; humedad cambia +0.23%/h en la ultima hora,0.0,2026-06-18T00:51,2026-06-18T01:51,61,0.235
KIT_001,2026-06-18 02:06:00,34.2,38.91,20.26,5.96,4.85,19.84,palta,21,2026-06-18T02:06,35.0,regar 21 min; humedad cambia -0.35%/h en la ultima hora,0.09,2026-06-18T01:06,2026-06-18T02:06,61,-0.347
KIT_001,2026-06-18 02:21:00,34.51,39.07,20.68,6.16,5.31,20.29,palta,26,2026-06-18T02:21,35.0,regar 26 min; humedad cambia -1.03%/h en la ultima hora,0.28,2026-06-18T01:21,2026-06-18T02:21,61,-1.029
KIT_001,2026-06-18 02:36:00,34.35,38.67,21.0,5.58,5.53,20.99,palta,31,2026-06-18T02:36,35.0,regar 31 min; humedad cambia -1.09%/h en la ultima hora,0.39,2026-06-18T01:36,2026-06-18T02:36,61,-1.094
KIT_001,2026-06-18 02:51:00,33.86,38.91,20.94,6.04,4.78,20.61,palta,27,2026-06-18T02:51,35.0,regar 27 min; humedad cambia -0.74%/h en la ultima hora,0.28,2026-06-18T01:51,2026-06-18T02:51,61,-0.742
KIT_001,2026-06-18 03:06:00,33.45,39.3,21.41,6.11,4.65,22.25,palta,19,2026-06-18T03:06,35.0,regar 19 min; humedad cambia -0.40%/h en la ultima hora,0.01,2026-06-18T02:06,2026-06-18T03:06,61,-0.4
KIT_001,2026-06-18 03:21:00,34.4,38.88,21.26,6.79,5.2,21.2,palta,20,2026-06-18T03:21,35.0,regar 20 min; humedad cambia -0.53%/h en la ultima hora,0.02,2026-06-18T02:21,2026-06-18T03:21,61,-0.528
KIT_001,2026-06-18 03:36:00,33.37,38.83,21.84,6.18,5.0,21.88,palta,20,2026-06-18T03:36,35.0,regar 20 min; humedad cambia -0.45%/h en la ultima hora,0.05,2026-06-18T02:36,2026-06-18T03:36,61,-0.447
KIT_001,2026-06-18 03:51:00,33.28,38.78,21.52,7.06,5.12,22.03,palta,21,2026-06-18T03:51,35.0,regar 21 min; humedad cambia -0.45%/h en la ultima hora,0.06,2026-06-18T02:51,2026-06-18T03:51,61,-0.452
KIT_001,2026-06-18 04:06:00,33.35,38.63,22.16,7.2,5.41,22.27,palta,22,2026-06-18T04:06,35.0,regar 22 min; humedad cambia -0.46%/h en la ultima hora,0.12,2026-06-18T03:06,2026-06-18T04:06,61,-0.465
KIT_001,2026-06-18 04:21:00,33.76,38.33,21.95,7.42,5.45,21.78,palta,26,2026-06-18T04:21,35.0,regar 26 min; humedad cambia -0.38%/h en la ultima hora,0.22,2026-06-18T03:21,2026-06-18T04:21,61,-0.382
KIT_001,2026-06-18 04:36:00,32.99,38.59,22.11,7.08,5.39,22.94,palta,25,2026-06-18T04:36,35.0,regar 25 min; humedad cambia -0.38%/h en la ultima hora,0.19,2026-06-18T03:36,2026-06-18T04:36,61,-0.38
KIT_001,2026-06-18 04:51:00,33.22,38.29,22.75,7.44,5.76,24.15,palta,26,2026-06-18T04:51,35.0,regar 26 min; humedad cambia -0.29%/h en la ultima hora,0.21,2026-06-18T03:51,2026-06-18T04:51,61,-0.293
KIT_001,2026-06-18 05:06:00,33.64,38.35,22.86,6.96,5.64,23.73,palta,24,2026-06-18T05:06,35.0,regar 24 min; humedad cambia -0.04%/h en la ultima hora,0.16,2026-06-18T04:06,2026-06-18T05:06,61,-0.041
KIT_001,2026-06-18 05:21:00,33.67,38.47,23.4,7.58,5.73,25.23,palta,22,2026-06-18T05:21,35.0,regar 22 min; humedad cambia +0.01%/h en la ultima hora,0.11,2026-06-18T04:21,2026-06-18T05:21,61,0.01
KIT_001,2026-06-18 05:36:00,32.7,38.28,23.38,6.75,5.3,24.59,palta,28,2026-06-18T05:36,35.0,regar 28 min; humedad cambia -0.35%/h en la ultima hora,0.29,2026-06-18T04:36,2026-06-18T05:36,61,-0.351
KIT_001,2026-06-18 05:51:00,32.81,38.19,23.37,6.97,5.78,24.42,palta,28,2026-06-18T05:51,35.0,regar 28 min; humedad cambia -0.42%/h en la ultima hora,0.27,2026-06-18T04:51,2026-06-18T05:51,61,-0.418
KIT_001,2026-06-18 06:06:00,33.12,38.06,23.99,7.39,5.87,25.95,palta,24,2026-06-18T06:06,35.0,regar 24 min; humedad cambia -0.07%/h en la ultima hora,0.18,2026-06-18T05:06,2026-06-18T06:06,61,-0.068
KIT_001,2026-06-18 06:21:00,33.23,37.72,23.94,7.18,5.51,24.75,palta,25,2026-06-18T06:21,35.0,regar 25 min; humedad cambia +0.33%/h en la ultima hora,0.19,2026-06-18T05:21,2026-06-18T06:21,61,0.329
KIT_001,2026-06-18 06:36:00,32.8,37.95,24.22,7.57,5.31,26.46,palta,27,2026-06-18T06:36,35.0,regar 27 min; humedad cambia +0.03%/h en la ultima hora,0.24,2026-06-18T05:36,2026-06-18T06:36,61,0.034
KIT_001,2026-06-18 06:51:00,33.03,38.32,24.43,7.33,6.18,26.11,palta,26,2026-06-18T06:51,35.0,regar 26 min; humedad cambia -0.14%/h en la ultima hora,0.25,2026-06-18T05:51,2026-06-18T06:51,61,-0.136
KIT_001,2026-06-18 07:06:00,38.04,40.79,24.36,3.18,3.58,26.93,palta,5,2026-06-18T07:06,35.0,regar 5 min; humedad cambia +3.45%/h en la ultima hora,0.0,2026-06-18T06:06,2026-06-18T07:06,61,3.447
KIT_001,2026-06-18 07:21:00,38.83,39.95,24.58,3.13,3.78,26.96,palta,5,2026-06-18T07:21,35.0,regar 5 min; humedad cambia +7.03%/h en la ultima hora,0.0,2026-06-18T06:21,2026-06-18T07:21,61,7.034
KIT_001,2026-06-18 07:36:00,38.16,40.16,24.8,2.86,4.29,27.3,palta,5,2026-06-18T07:36,35.0,regar 5 min; humedad cambia +6.73%/h en la ultima hora,0.0,2026-06-18T06:36,2026-06-18T07:36,61,6.734
KIT_001,2026-06-18 07:51:00,37.64,41.05,24.42,3.08,4.09,26.49,palta,6,2026-06-18T07:51,35.0,regar 6 min; humedad cambia +2.36%/h en la ultima hora,0.0,2026-06-18T06:51,2026-06-18T07:51,61,2.363
KIT_001,2026-06-18 08:06:00,37.43,40.59,24.98,2.87,3.65,26.78,palta,10,2026-06-18T08:06,35.0,regar 10 min; humedad cambia -0.59%/h en la ultima hora,0.0,2026-06-18T07:06,2026-06-18T08:06,61,-0.587
KIT_001,2026-06-18 08:21:00,36.82,41.38,24.82,3.1,2.9,26.92,palta,8,2026-06-18T08:21,35.0,regar 8 min; humedad cambia -0.93%/h en la ultima hora,0.0,2026-06-18T07:21,2026-06-18T08:21,61,-0.929
KIT_001,2026-06-18 08:36:00,37.39,41.82,25.74,3.15,3.33,27.92,palta,3,2026-06-18T08:36,35.0,regar 3 min; humedad cambia -0.52%/h en la ultima hora,0.0,2026-06-18T07:36,2026-06-18T08:36,61,-0.519
KIT_001,2026-06-18 08:51:00,36.59,41.64,25.46,3.21,3.05,27.97,palta,5,2026-06-18T08:51,35.0,regar 5 min; humedad cambia -0.60%/h en la ultima hora,0.0,2026-06-18T07:51,2026-06-18T08:51,61,-0.602
KIT_001,2026-06-18 09:06:00,37.0,41.71,25.44,3.09,2.73,27.74,palta,3,2026-06-18T09:06,35.0,regar 3 min; humedad cambia -0.32%/h en la ultima hora,0.0,2026-06-18T08:06,2026-06-18T09:06,61,-0.318
KIT_001,2026-06-18 09:21:00,37.33,41.95,25.08,3.42,3.08,27.34,palta,4,2026-06-18T09:21,35.0,regar 4 min; humedad cambia -0.46%/h en la ultima hora,0.0,2026-06-18T08:21,2026-06-18T09:21,61,-0.457
KIT_001,2026-06-18 09:36:00,36.2,41.92,25.23,3.1,3.13,27.69,palta,4,2026-06-18T09:36,35.0,regar 4 min; humedad cambia -0.59%/h en la ultima hora,0.0,2026-06-18T08:36,2026-06-18T09:36,61,-0.594
KIT_001,2026-06-18 09:51:00,36.89,41.63,25.54,2.96,3.34,28.45,palta,6,2026-06-18T09:51,35.0,regar 6 min; humedad cambia -0.53%/h en la ultima hora,0.0,2026-06-18T08:51,2026-06-18T09:51,61,-0.532
KIT_001,2026-06-18 10:06:00,36.46,40.92,25.42,3.86,3.14,27.5,palta,7,2026-06-18T10:06,35.0,regar 7 min; humedad cambia -0.67%/h en la ultima hora,0.0,2026-06-18T09:06,2026-06-18T10:06,61,-0.674
KIT_001,2026-06-18 10:21:00,35.84,41.13,25.32,3.03,3.34,27.45,palta,8,2026-06-18T10:21,35.0,regar 8 min; humedad cambia -0.84%/h en la ultima hora,0.0,2026-06-18T09:21,2026-06-18T10:21,61,-0.841
KIT_001,2026-06-18 10:36:00,35.8,41.62,25.59,2.61,3.11,27.29,palta,7,2026-06-18T10:36,35.0,regar 7 min; humedad cambia -0.58%/h en la ultima hora,0.0,2026-06-18T09:36,2026-06-18T10:36,61,-0.58
KIT_001,2026-06-18 10:51:00,35.75,41.46,25.75,3.69,2.61,27.9,palta,6,2026-06-18T10:51,35.0,regar 6 min; humedad cambia -0.42%/h en la ultima hora,0.0,2026-06-18T09:51,2026-06-18T10:51,61,-0.421
KIT_001,2026-06-18 11:06:00,35.86,40.77,25.66,2.74,3.3,27.79,palta,6,2026-06-18T11:06,35.0,regar 6 min; humedad cambia -0.45%/h en la ultima hora,0.0,2026-06-18T10:06,2026-06-18T11:06,61,-0.446
KIT_001,2026-06-18 11:21:00,36.45,41.05,25.09,2.96,2.99,27.12,palta,6,2026-06-18T11:21,35.0,regar 6 min; humedad cambia -0.28%/h en la ultima hora,0.0,2026-06-18T10:21,2026-06-18T11:21,61,-0.279
KIT_001,2026-06-18 11:36:00,36.35,40.29,25.2,3.7,3.73,27.22,palta,6,2026-06-18T11:36,35.0,regar 6 min; humedad cambia -0.24%/h en la ultima hora,0.0,2026-06-18T10:36,2026-06-18T11:36,61,-0.236
KIT_001,2026-06-18 11:51:00,35.86,40.73,25.26,4.2,3.11,27.92,palta,6,2026-06-18T11:51,35.0,regar 6 min; humedad cambia -0.21%/h en la ultima hora,0.0,2026-06-18T10:51,2026-06-18T11:51,61,-0.211
KIT_001,2026-06-18 12:06:00,35.32,40.35,24.61,3.88,3.34,26.89,palta,7,2026-06-18T12:06,35.0,regar 7 min; humedad cambia -0.22%/h en la ultima hora,0.0,2026-06-18T11:06,2026-06-18T12:06,61,-0.221
KIT_001,2026-06-18 12:21:00,35.59,41.04,24.76,3.79,3.48,26.02,palta,6,2026-06-18T12:21,35.0,regar 6 min; humedad cambia -0.08%/h en la ultima hora,0.0,2026-06-18T11:21,2026-06-18T12:21,61,-0.08
KIT_001,2026-06-18 12:36:00,35.5,41.03,24.73,4.01,3.27,26.0,palta,5,2026-06-18T12:36,35.0,regar 5 min; humedad cambia -0.19%/h en la ultima hora,0.0,2026-06-18T11:36,2026-06-18T12:36,61,-0.193
KIT_001,2026-06-18 12:51:00,36.14,40.81,24.94,4.18,3.2,26.79,palta,6,2026-06-18T12:51,35.0,regar 6 min; humedad cambia -0.44%/h en la ultima hora,0.0,2026-06-18T11:51,2026-06-18T12:51,61,-0.436
KIT_001,2026-06-18 13:06:00,35.7,40.54,24.72,3.79,3.61,25.96,palta,5,2026-06-18T13:06,35.0,regar 5 min; humedad cambia -0.20%/h en la ultima hora,0.0,2026-06-18T12:06,2026-06-18T13:06,61,-0.2
KIT_001,2026-06-18 13:21:00,35.21,40.96,24.36,4.01,3.36,25.65,palta,5,2026-06-18T13:21,35.0,regar 5 min; humedad cambia +0.01%/h en la ultima hora,0.0,2026-06-18T12:21,2026-06-18T13:21,61,0.009
KIT_001,2026-06-18 13:36:00,35.1,39.92,23.9,4.45,3.61,24.88,palta,5,2026-06-18T13:36,35.0,regar 5 min; humedad cambia -0.36%/h en la ultima hora,0.0,2026-06-18T12:36,2026-06-18T13:36,61,-0.359
KIT_001,2026-06-18 13:51:00,35.3,40.03,24.08,4.54,3.32,25.63,palta,6,2026-06-18T13:51,35.0,regar 6 min; humedad cambia -0.67%/h en la ultima hora,0.0,2026-06-18T12:51,2026-06-18T13:51,61,-0.668
KIT_001,2026-06-18 14:06:00,35.23,39.86,23.91,4.19,3.55,24.77,palta,5,2026-06-18T14:06,35.0,regar 5 min; humedad cambia -0.44%/h en la ultima hora,0.0,2026-06-18T13:06,2026-06-18T14:06,61,-0.441
KIT_001,2026-06-18 14:21:00,34.74,40.27,22.69,4.59,4.05,22.44,palta,6,2026-06-18T14:21,35.0,regar 6 min; humedad cambia +0.03%/h en la ultima hora,0.0,2026-06-18T13:21,2026-06-18T14:21,61,0.027
KIT_001,2026-06-18 14:36:00,35.38,40.03,23.25,4.5,3.73,24.36,palta,4,2026-06-18T14:36,35.0,regar 4 min; humedad cambia -0.15%/h en la ultima hora,0.0,2026-06-18T13:36,2026-06-18T14:36,61,-0.145
KIT_001,2026-06-18 14:51:00,34.77,40.52,23.06,5.43,3.38,23.33,palta,5,2026-06-18T14:51,35.0,regar 5 min; humedad cambia -0.51%/h en la ultima hora,0.0,2026-06-18T13:51,2026-06-18T14:51,61,-0.508
KIT_001,2026-06-18 15:06:00,35.13,40.68,22.7,5.04,3.72,22.56,palta,3,2026-06-18T15:06,35.0,regar 3 min; humedad cambia -0.39%/h en la ultima hora,0.0,2026-06-18T14:06,2026-06-18T15:06,61,-0.395
KIT_001,2026-06-18 15:21:00,35.1,40.39,22.58,4.99,3.97,22.17,palta,3,2026-06-18T15:21,35.0,regar 3 min; humedad cambia -0.04%/h en la ultima hora,0.0,2026-06-18T14:21,2026-06-18T15:21,61,-0.041
KIT_001,2026-06-18 15:36:00,35.56,40.05,22.93,4.76,3.47,22.4,palta,3,2026-06-18T15:36,35.0,regar 3 min; humedad cambia +0.03%/h en la ultima hora,0.0,2026-06-18T14:36,2026-06-18T15:36,61,0.035
KIT_001,2026-06-18 15:51:00,35.46,40.38,21.94,4.96,4.15,21.39,palta,3,2026-06-18T15:51,35.0,regar 3 min; humedad cambia +0.35%/h en la ultima hora,0.0,2026-06-18T14:51,2026-06-18T15:51,61,0.352
KIT_001,2026-06-18 16:06:00,35.08,40.57,21.69,4.92,3.94,20.24,palta,3,2026-06-18T16:06,35.0,regar 3 min; humedad cambia +0.09%/h en la ultima hora,0.0,2026-06-18T15:06,2026-06-18T16:06,61,0.087
KIT_001,2026-06-18 16:21:00,35.49,40.63,21.6,4.78,4.35,20.87,palta,3,2026-06-18T16:21,35.0,regar 3 min; humedad cambia -0.16%/h en la ultima hora,0.0,2026-06-18T15:21,2026-06-18T16:21,61,-0.159
KIT_001,2026-06-18 16:36:00,35.2,40.17,21.06,4.97,4.22,20.17,palta,3,2026-06-18T16:36,35.0,regar 3 min; humedad cambia -0.12%/h en la ultima hora,0.0,2026-06-18T15:36,2026-06-18T16:36,61,-0.12
KIT_001,2026-06-18 16:51:00,34.3,40.27,21.5,4.92,3.91,20.01,palta,6,2026-06-18T16:51,35.0,regar 6 min; humedad cambia -0.20%/h en la ultima hora,0.0,2026-06-18T15:51,2026-06-18T16:51,61,-0.198
KIT_001,2026-06-18 17:06:00,35.15,40.7,21.21,5.22,3.48,19.88,palta,3,2026-06-18T17:06,35.0,regar 3 min; humedad cambia -0.33%/h en la ultima hora,0.0,2026-06-18T16:06,2026-06-18T17:06,61,-0.33
KIT_001,2026-06-18 17:21:00,34.77,40.92,21.18,4.88,3.84,19.04,palta,5,2026-06-18T17:21,35.0,regar 5 min; humedad cambia -0.51%/h en la ultima hora,0.0,2026-06-18T16:21,2026-06-18T17:21,61,-0.513
KIT_001,2026-06-18 17:36:00,35.67,39.8,20.16,4.9,3.97,18.58,palta,3,2026-06-18T17:36,35.0,regar 3 min; humedad cambia +0.32%/h en la ultima hora,0.0,2026-06-18T16:36,2026-06-18T17:36,61,0.323
KIT_001,2026-06-18 17:51:00,34.58,39.75,20.32,4.57,3.68,17.93,palta,6,2026-06-18T17:51,35.0,regar 6 min; humedad cambia +0.50%/h en la ultima hora,0.0,2026-06-18T16:51,2026-06-18T17:51,61,0.497
KIT_001,2026-06-18 18:06:00,35.0,39.95,20.3,4.55,3.56,18.26,palta,3,2026-06-18T18:06,35.0,regar 3 min; humedad cambia +0.16%/h en la ultima hora,0.0,2026-06-18T17:06,2026-06-18T18:06,61,0.161
KIT_001,2026-06-18 18:21:00,35.42,40.27,19.97,5.1,4.38,18.36,palta,2,2026-06-18T18:21,35.0,regar 2 min; humedad cambia +0.07%/h en la ultima hora,0.0,2026-06-18T17:21,2026-06-18T18:21,61,0.074
KIT_001,2026-06-18 18:36:00,34.13,40.64,19.81,4.71,4.11,17.38,palta,6,2026-06-18T18:36,35.0,regar 6 min; humedad cambia -0.06%/h en la ultima hora,0.0,2026-06-18T17:36,2026-06-18T18:36,61,-0.061
KIT_001,2026-06-18 18:51:00,34.15,38.83,20.46,6.18,5.11,19.84,palta,10,2026-06-18T18:51,35.0,regar 10 min; humedad cambia -0.61%/h en la ultima hora,0.31,2026-06-18T17:51,2026-06-18T18:51,61,-0.609
KIT_001,2026-06-18 19:06:00,34.05,39.2,20.48,5.56,5.48,20.77,palta,11,2026-06-18T19:06,35.0,regar 11 min; humedad cambia -1.46%/h en la ultima hora,0.36,2026-06-18T18:06,2026-06-18T19:06,61,-1.463
KIT_001,2026-06-18 19:21:00,34.11,38.75,21.0,6.28,5.21,20.71,palta,12,2026-06-18T19:21,35.0,regar 12 min; humedad cambia -1.16%/h en la ultima hora,0.41,2026-06-18T18:21,2026-06-18T19:21,61,-1.156
KIT_001,2026-06-18 19:36:00,33.88,39.38,21.19,6.12,4.86,21.09,palta,9,2026-06-18T19:36,35.0,regar 9 min; humedad cambia -0.56%/h en la ultima hora,0.23,2026-06-18T18:36,2026-06-18T19:36,61,-0.563
KIT_001,2026-06-18 19:51:00,34.09,39.0,21.45,6.78,5.1,22.32,palta,8,2026-06-18T19:51,35.0,regar 8 min; humedad cambia -0.48%/h en la ultima hora,0.18,2026-06-18T18:51,2026-06-18T19:51,61,-0.477
KIT_001,2026-06-18 20:06:00,34.27,38.36,21.43,6.49,5.39,21.25,palta,10,2026-06-18T20:06,35.0,regar 10 min; humedad cambia -0.68%/h en la ultima hora,0.21,2026-06-18T19:06,2026-06-18T20:06,61,-0.68
KIT_001,2026-06-18 20:21:00,33.43,39.2,21.44,6.91,5.17,21.18,palta,8,2026-06-18T20:21,35.0,regar 8 min; humedad cambia -0.26%/h en la ultima hora,0.17,2026-06-18T19:21,2026-06-18T20:21,61,-0.262
KIT_001,2026-06-18 20:36:00,33.31,38.76,22.02,7.2,5.27,22.43,palta,9,2026-06-18T20:36,35.0,regar 9 min; humedad cambia -0.18%/h en la ultima hora,0.21,2026-06-18T19:36,2026-06-18T20:36,61,-0.183
KIT_001,2026-06-18 20:51:00,32.95,39.48,22.16,6.69,5.42,21.73,palta,9,2026-06-18T20:51,35.0,regar 9 min; humedad cambia -0.31%/h en la ultima hora,0.0,2026-06-18T19:51,2026-06-18T20:51,61,-0.306
KIT_001,2026-06-18 21:06:00,33.54,38.0,22.1,6.82,5.41,22.35,palta,11,2026-06-18T21:06,35.0,regar 11 min; humedad cambia -0.52%/h en la ultima hora,0.27,2026-06-18T20:06,2026-06-18T21:06,61,-0.521
KIT_001,2026-06-18 21:21:00,33.52,38.86,22.31,7.08,5.28,22.83,palta,9,2026-06-18T21:21,35.0,regar 9 min; humedad cambia +0.02%/h en la ultima hora,0.21,2026-06-18T20:21,2026-06-18T21:21,61,0.017
KIT_001,2026-06-18 21:36:00,33.41,38.5,22.93,7.02,5.44,23.67,palta,9,2026-06-18T21:36,35.0,regar 9 min; humedad cambia -0.14%/h en la ultima hora,0.2,2026-06-18T20:36,2026-06-18T21:36,61,-0.144
KIT_001,2026-06-18 21:51:00,33.29,38.79,22.97,7.69,5.5,23.6,palta,9,2026-06-18T21:51,35.0,regar 9 min; humedad cambia -0.05%/h en la ultima hora,0.23,2026-06-18T20:51,2026-06-18T21:51,61,-0.052
KIT_001,2026-06-18 22:06:00,33.28,38.58,23.26,7.33,5.67,25.74,palta,9,2026-06-18T22:06,35.0,regar 9 min; humedad cambia -0.15%/h en la ultima hora,0.16,2026-06-18T21:06,2026-06-18T22:06,61,-0.152
KIT_001,2026-06-18 22:21:00,33.01,38.74,23.47,7.09,6.05,25.09,palta,11,2026-06-18T22:21,35.0,regar 11 min; humedad cambia -0.34%/h en la ultima hora,0.18,2026-06-18T21:21,2026-06-18T22:21,61,-0.337
KIT_001,2026-06-18 22:36:00,32.77,38.41,23.36,7.28,5.19,24.7,palta,12,2026-06-18T22:36,35.0,regar 12 min; humedad cambia -0.20%/h en la ultima hora,0.11,2026-06-18T21:36,2026-06-18T22:36,61,-0.2
KIT_001,2026-06-18 22:51:00,33.09,38.44,23.68,7.04,5.64,25.45,palta,10,2026-06-18T22:51,35.0,regar 10 min; humedad cambia -0.03%/h en la ultima hora,0.16,2026-06-18T21:51,2026-06-18T22:51,61,-0.033
KIT_001,2026-06-18 23:06:00,32.96,37.87,23.88,7.3,5.68,25.63,palta,12,2026-06-18T23:06,35.0,regar 12 min; humedad cambia +0.23%/h en la ultima hora,0.16,2026-06-18T22:06,2026-06-18T23:06,61,0.226
KIT_001,2026-06-18 23:21:00,33.05,38.34,24.18,7.58,5.62,25.56,palta,11,2026-06-18T23:21,35.0,regar 11 min; humedad cambia -0.38%/h en la ultima hora,0.17,2026-06-18T22:21,2026-06-18T23:21,61,-0.378
KIT_001,2026-06-18 23:36:00,34.5,39.16,24.03,5.88,5.16,26.1,palta,9,2026-06-18T23:36,35.0,regar 9 min; humedad cambia -0.11%/h en la ultima hora,0.07,2026-06-18T22:36,2026-06-18T23:36,61,-0.107
KIT_001,2026-06-18 23:51:00,37.72,40.34,25.39,3.17,3.91,27.85,palta,3,2026-06-18T23:51,35.0,regar 3 min; humedad cambia +4.62%/h en la ultima hora,0.0,2026-06-18T22:51,2026-06-18T23:51,61,4.615
KIT_001,2026-06-19 00:06:00,38.34,40.44,24.6,3.29,3.92,26.56,palta,5,2026-06-19T00:06,35.0,regar 5 min; humedad cambia +7.45%/h en la ultima hora,0.0,2026-06-18T23:06,2026-06-19T00:06,61,7.446
KIT_001,2026-06-19 00:21:00,37.6,40.31,24.85,2.88,4.03,27.59,palta,5,2026-06-19T00:21,35.0,regar 5 min; humedad cambia +6.06%/h en la ultima hora,0.0,2026-06-18T23:21,2026-06-19T00:21,61,6.063
KIT_001,2026-06-19 00:36:00,38.58,40.24,24.59,2.87,3.63,27.59,palta,5,2026-06-19T00:36,35.0,regar 5 min; humedad cambia +1.28%/h en la ultima hora,0.0,2026-06-18T23:36,2026-06-19T00:36,61,1.28
KIT_001,2026-06-19 00:51:00,37.89,40.15,24.69,2.74,4.11,26.97,palta,10,2026-06-19T00:51,35.0,regar 10 min; humedad cambia -0.44%/h en la ultima hora,0.0,2026-06-18T23:51,2026-06-19T00:51,61,-0.444
KIT_001,2026-06-19 01:06:00,37.13,42.04,25.11,3.05,3.08,26.81,palta,4,2026-06-19T01:06,35.0,regar 4 min; humedad cambia -0.67%/h en la ultima hora,0.0,2026-06-19T00:06,2026-06-19T01:06,61,-0.666
KIT_001,2026-06-19 01:21:00,37.27,41.26,25.41,2.94,3.26,28.21,palta,7,2026-06-19T01:21,35.0,regar 7 min; humedad cambia -0.70%/h en la ultima hora,0.0,2026-06-19T00:21,2026-06-19T01:21,61,-0.698
KIT_001,2026-06-19 01:36:00,36.76,41.98,24.93,3.25,3.7,28.1,palta,4,2026-06-19T01:36,35.0,regar 4 min; humedad cambia -0.51%/h en la ultima hora,0.0,2026-06-19T00:36,2026-06-19T01:36,61,-0.512
KIT_001,2026-06-19 01:51:00,36.68,41.59,25.77,2.88,3.03,28.29,palta,7,2026-06-19T01:51,35.0,regar 7 min; humedad cambia -0.43%/h en la ultima hora,0.0,2026-06-19T00:51,2026-06-19T01:51,61,-0.432
KIT_001,2026-06-19 02:06:00,37.49,41.61,25.21,3.06,3.15,27.07,palta,9,2026-06-19T02:06,35.0,regar 9 min; humedad cambia -0.34%/h en la ultima hora,0.0,2026-06-19T01:06,2026-06-19T02:06,61,-0.34
KIT_001,2026-06-19 02:21:00,36.81,42.12,25.47,2.99,2.58,27.86,palta,5,2026-06-19T02:21,35.0,regar 5 min; humedad cambia -0.70%/h en la ultima hora,0.0,2026-06-19T01:21,2026-06-19T02:21,61,-0.704
KIT_001,2026-06-19 02:36:00,36.6,41.89,26.13,3.32,2.77,28.35,palta,4,2026-06-19T02:36,35.0,regar 4 min; humedad cambia -0.56%/h en la ultima hora,0.0,2026-06-19T01:36,2026-06-19T02:36,61,-0.557
KIT_001,2026-06-19 02:51:00,36.25,41.54,25.23,3.1,3.13,27.14,palta,12,2026-06-19T02:51,35.0,regar 12 min; humedad cambia -1.04%/h en la ultima hora,0.0,2026-06-19T01:51,2026-06-19T02:51,61,-1.04
KIT_001,2026-06-19 03:06:00,36.21,41.89,25.47,3.34,3.0,28.0,palta,5,2026-06-19T03:06,35.0,regar 5 min; humedad cambia -0.97%/h en la ultima hora,0.0,2026-06-19T02:06,2026-06-19T03:06,61,-0.965
KIT_001,2026-06-19 03:21:00,35.97,41.06,25.44,2.77,3.17,27.65,palta,12,2026-06-19T03:21,35.0,regar 12 min; humedad cambia -0.73%/h en la ultima hora,0.0,2026-06-19T02:21,2026-06-19T03:21,61,-0.731
KIT_001,2026-06-19 03:36:00,35.91,41.11,25.71,3.44,2.98,28.05,palta,11,2026-06-19T03:36,35.0,regar 11 min; humedad cambia -0.39%/h en la ultima hora,0.0,2026-06-19T02:36,2026-06-19T03:36,61,-0.394
KIT_001,2026-06-19 03:51:00,36.0,41.25,25.72,2.94,3.31,27.92,palta,11,2026-06-19T03:51,35.0,regar 11 min; humedad cambia -0.37%/h en la ultima hora,0.0,2026-06-19T02:51,2026-06-19T03:51,61,-0.372
KIT_001,2026-06-19 04:06:00,35.95,40.69,25.13,2.94,2.93,26.48,palta,10,2026-06-19T04:06,35.0,regar 10 min; humedad cambia -0.07%/h en la ultima hora,0.0,2026-06-19T03:06,2026-06-19T04:06,61,-0.07
KIT_001,2026-06-19 04:21:00,36.11,40.28,25.53,3.98,3.43,27.28,palta,11,2026-06-19T04:21,35.0,regar 11 min; humedad cambia -0.11%/h en la ultima hora,0.0,2026-06-19T03:21,2026-06-19T04:21,61,-0.109
KIT_001,2026-06-19 04:36:00,35.6,40.65,25.47,3.97,2.98,27.5,palta,12,2026-06-19T04:36,35.0,regar 12 min; humedad cambia -0.47%/h en la ultima hora,0.0,2026-06-19T03:36,2026-06-19T04:36,61,-0.473
KIT_001,2026-06-19 04:51:00,35.59,40.42,24.84,2.95,3.31,27.08,palta,11,2026-06-19T04:51,35.0,regar 11 min; humedad cambia -0.44%/h en la ultima hora,0.0,2026-06-19T03:51,2026-06-19T04:51,61,-0.441
KIT_001,2026-06-19 05:06:00,35.43,40.71,24.83,3.38,3.24,25.96,palta,11,2026-06-19T05:06,35.0,regar 11 min; humedad cambia -0.16%/h en la ultima hora,0.0,2026-06-19T04:06,2026-06-19T05:06,61,-0.163
KIT_001,2026-06-19 05:21:00,36.44,40.16,24.61,3.47,3.24,25.95,palta,11,2026-06-19T05:21,35.0,regar 11 min; humedad cambia -0.10%/h en la ultima hora,0.0,2026-06-19T04:21,2026-06-19T05:21,61,-0.101
KIT_001,2026-06-19 05:36:00,35.48,40.55,24.64,3.78,3.25,26.56,palta,10,2026-06-19T05:36,35.0,regar 10 min; humedad cambia -0.10%/h en la ultima hora,0.0,2026-06-19T04:36,2026-06-19T05:36,61,-0.096
KIT_001,2026-06-19 05:51:00,35.77,40.11,24.33,4.49,3.67,26.13,palta,10,2026-06-19T05:51,35.0,regar 10 min; humedad cambia +0.10%/h en la ultima hora,0.0,2026-06-19T04:51,2026-06-19T05:51,61,0.1
KIT_001,2026-06-19 06:06:00,35.41,40.45,24.4,4.09,3.32,25.6,palta,10,2026-06-19T06:06,35.0,regar 10 min; humedad cambia -0.02%/h en la ultima hora,0.0,2026-06-19T05:06,2026-06-19T06:06,61,-0.023
KIT_001,2026-06-19 06:21:00,35.19,40.59,24.13,4.74,3.56,24.59,palta,11,2026-06-19T06:21,35.0,regar 11 min; humedad cambia -0.44%/h en la ultima hora,0.0,2026-06-19T05:21,2026-06-19T06:21,61,-0.438
KIT_001,2026-06-19 06:36:00,35.39,40.6,24.34,4.04,3.67,25.1,palta,11,2026-06-19T06:36,35.0,regar 11 min; humedad cambia -0.72%/h en la ultima hora,0.0,2026-06-19T05:36,2026-06-19T06:36,61,-0.721
KIT_001,2026-06-19 06:51:00,34.02,40.67,23.87,4.31,3.67,25.4,palta,17,2026-06-19T06:51,35.0,regar 17 min; humedad cambia -0.76%/h en la ultima hora,0.0,2026-06-19T05:51,2026-06-19T06:51,61,-0.759
KIT_001,2026-06-19 07:06:00,34.27,40.17,22.81,4.89,3.93,23.03,palta,16,2026-06-19T07:06,35.0,regar 16 min; humedad cambia -0.22%/h en la ultima hora,0.0,2026-06-19T06:06,2026-06-19T07:06,61,-0.22
KIT_001,2026-06-19 07:21:00,34.43,40.57,23.15,4.72,3.69,23.69,palta,15,2026-06-19T07:21,35.0,regar 15 min; humedad cambia -0.17%/h en la ultima hora,0.0,2026-06-19T06:21,2026-06-19T07:21,61,-0.166
KIT_001,2026-06-19 07:36:00,35.19,40.77,22.93,4.73,3.45,22.87,palta,8,2026-06-19T07:36,35.0,regar 8 min; humedad cambia -0.15%/h en la ultima hora,0.0,2026-06-19T06:36,2026-06-19T07:36,61,-0.154
KIT_001,2026-06-19 07:51:00,34.67,40.11,22.46,4.64,3.47,21.56,palta,10,2026-06-19T07:51,35.0,regar 10 min; humedad cambia -0.26%/h en la ultima hora,0.0,2026-06-19T06:51,2026-06-19T07:51,61,-0.264
KIT_001,2026-06-19 08:06:00,35.13,40.66,22.69,5.19,4.0,22.68,palta,8,2026-06-19T08:06,35.0,regar 8 min; humedad cambia +0.01%/h en la ultima hora,0.0,2026-06-19T07:06,2026-06-19T08:06,61,0.013
KIT_001,2026-06-19 08:21:00,35.18,40.58,22.61,4.58,4.4,23.18,palta,10,2026-06-19T08:21,35.0,regar 10 min; humedad cambia -0.04%/h en la ultima hora,0.0,2026-06-19T07:21,2026-06-19T08:21,61,-0.036
KIT_001,2026-06-19 08:36:00,35.11,40.2,21.83,5.29,4.1,21.26,palta,8,2026-06-19T08:36,35.0,regar 8 min; humedad cambia +0.07%/h en la ultima hora,0.0,2026-06-19T07:36,2026-06-19T08:36,61,0.069
KIT_001,2026-06-19 08:51:00,34.77,39.58,21.97,5.14,3.85,21.1,palta,9,2026-06-19T08:51,35.0,regar 9 min; humedad cambia +0.06%/h en la ultima hora,0.0,2026-06-19T07:51,2026-06-19T08:51,61,0.063
KIT_001,2026-06-19 09:06:00,35.12,40.1,21.77,4.85,4.54,21.16,palta,7,2026-06-19T09:06,35.0,regar 7 min; humedad cambia -0.01%/h en la ultima hora,0.0,2026-06-19T08:06,2026-06-19T09:06,61,-0.013
KIT_001,2026-06-19 09:21:00,34.57,40.22,21.24,4.9,3.82,20.37,palta,10,2026-06-19T09:21,35.0,regar 10 min; humedad cambia -0.01%/h en la ultima hora,0.0,2026-06-19T08:21,2026-06-19T09:21,61,-0.008
KIT_001,2026-06-19 09:36:00,34.85,39.97,21.33,5.02,3.31,19.88,palta,7,2026-06-19T09:36,35.0,regar 7 min; humedad cambia -0.14%/h en la ultima hora,0.0,2026-06-19T08:36,2026-06-19T09:36,61,-0.141
KIT_001,2026-06-19 09:51:00,34.34,40.66,20.75,4.91,3.73,19.83,palta,10,2026-06-19T09:51,35.0,regar 10 min; humedad cambia -0.30%/h en la ultima hora,0.0,2026-06-19T08:51,2026-06-19T09:51,61,-0.296
KIT_001,2026-06-19 10:06:00,34.81,40.09,20.74,5.43,4.07,18.93,palta,7,2026-06-19T10:06,35.0,regar 7 min; humedad cambia -0.13%/h en la ultima hora,0.0,2026-06-19T09:06,2026-06-19T10:06,61,-0.128
KIT_001,2026-06-19 10:21:00,34.48,40.18,20.57,4.95,3.53,18.49,palta,11,2026-06-19T10:21,35.0,regar 11 min; humedad cambia +0.17%/h en la ultima hora,0.0,2026-06-19T09:21,2026-06-19T10:21,61,0.165
KIT_001,2026-06-19 10:36:00,35.17,40.41,20.1,4.88,3.6,17.82,palta,6,2026-06-19T10:36,35.0,regar 6 min; humedad cambia +0.23%/h en la ultima hora,0.0,2026-06-19T09:36,2026-06-19T10:36,61,0.229
KIT_001,2026-06-19 10:51:00,35.31,40.63,20.37,4.26,3.29,18.28,palta,4,2026-06-19T10:51,35.0,regar 4 min; humedad cambia +0.16%/h en la ultima hora,0.0,2026-06-19T09:51,2026-06-19T10:51,61,0.156
KIT_001,2026-06-19 11:06:00,35.14,39.91,19.73,5.22,4.31,18.17,palta,4,2026-06-19T11:06,35.0,regar 4 min; humedad cambia +0.14%/h en la ultima hora,0.0,2026-06-19T10:06,2026-06-19T11:06,61,0.143
KIT_001,2026-06-19 11:21:00,34.51,40.14,19.59,4.87,3.78,16.73,palta,9,2026-06-19T11:21,35.0,regar 9 min; humedad cambia +0.09%/h en la ultima hora,0.0,2026-06-19T10:21,2026-06-19T11:21,61,0.092
KIT_001,2026-06-19 11:36:00,34.28,39.22,20.41,6.19,4.9,19.8,palta,16,2026-06-19T11:36,35.0,regar 16 min; humedad cambia -0.77%/h en la ultima hora,0.25,2026-06-19T10:36,2026-06-19T11:36,61,-0.769
KIT_001,2026-06-19 11:51:00,34.17,38.43,20.86,5.95,5.06,20.93,palta,21,2026-06-19T11:51,35.0,regar 21 min; humedad cambia -1.13%/h en la ultima hora,0.46,2026-06-19T10:51,2026-06-19T11:51,61,-1.129
KIT_001,2026-06-19 12:06:00,33.79,39.09,20.6,6.42,5.08,20.88,palta,19,2026-06-19T12:06,35.0,regar 19 min; humedad cambia -0.99%/h en la ultima hora,0.38,2026-06-19T11:06,2026-06-19T12:06,61,-0.992
KIT_001,2026-06-19 12:21:00,34.29,39.15,21.51,6.03,5.28,22.07,palta,13,2026-06-19T12:21,35.0,regar 13 min; humedad cambia -0.37%/h en la ultima hora,0.12,2026-06-19T11:21,2026-06-19T12:21,61,-0.375
KIT_001,2026-06-19 12:36:00,34.07,38.37,21.23,6.9,5.06,21.84,palta,14,2026-06-19T12:36,35.0,regar 14 min; humedad cambia -0.72%/h en la ultima hora,0.19,2026-06-19T11:36,2026-06-19T12:36,61,-0.716
KIT_001,2026-06-19 12:51:00,33.61,38.68,21.67,6.35,5.41,21.79,palta,14,2026-06-19T12:51,35.0,regar 14 min; humedad cambia -0.75%/h en la ultima hora,0.21,2026-06-19T11:51,2026-06-19T12:51,61,-0.746
KIT_001,2026-06-19 13:06:00,33.55,38.89,21.54,6.15,4.94,21.64,palta,13,2026-06-19T13:06,35.0,regar 13 min; humedad cambia -0.72%/h en la ultima hora,0.19,2026-06-19T12:06,2026-06-19T13:06,61,-0.721
KIT_001,2026-06-19 13:21:00,33.72,38.75,22.31,7.05,5.3,22.79,palta,12,2026-06-19T13:21,35.0,regar 12 min; humedad cambia -0.32%/h en la ultima hora,0.16,2026-06-19T12:21,2026-06-19T13:21,61,-0.318
KIT_001,2026-06-19 13:36:00,33.18,38.42,21.54,7.33,5.59,21.84,palta,12,2026-06-19T13:36,35.0,regar 12 min; humedad cambia -0.30%/h en la ultima hora,0.15,2026-06-19T12:36,2026-06-19T13:36,61,-0.298
KIT_001,2026-06-19 13:51:00,33.17,38.61,22.23,6.75,5.66,22.56,palta,13,2026-06-19T13:51,35.0,regar 13 min; humedad cambia -0.18%/h en la ultima hora,0.21,2026-06-19T12:51,2026-06-19T13:51,61,-0.176
KIT_001,2026-06-19 14:06:00,33.46,38.56,22.44,6.71,5.39,23.45,palta,12,2026-06-19T14:06,35.0,regar 12 min; humedad cambia -0.21%/h en la ultima hora,0.15,2026-06-19T13:06,2026-06-19T14:06,61,-0.213
KIT_001,2026-06-19 14:21:00,33.38,38.43,22.85,7.68,5.23,23.82,palta,12,2026-06-19T14:21,35.0,regar 12 min; humedad cambia -0.06%/h en la ultima hora,0.17,2026-06-19T13:21,2026-06-19T14:21,61,-0.058
KIT_001,2026-06-19 14:36:00,32.51,38.49,22.77,6.63,5.92,24.51,palta,14,2026-06-19T14:36,35.0,regar 14 min; humedad cambia +0.00%/h en la ultima hora,0.16,2026-06-19T13:36,2026-06-19T14:36,61,0.002
KIT_001,2026-06-19 14:51:00,32.62,38.88,23.07,7.61,5.18,24.64,palta,14,2026-06-19T14:51,35.0,regar 14 min; humedad cambia -0.29%/h en la ultima hora,0.16,2026-06-19T13:51,2026-06-19T14:51,61,-0.292
KIT_001,2026-06-19 15:06:00,32.77,38.1,23.25,7.07,5.79,24.75,palta,16,2026-06-19T15:06,35.0,regar 16 min; humedad cambia -0.54%/h en la ultima hora,0.26,2026-06-19T14:06,2026-06-19T15:06,61,-0.544
KIT_001,2026-06-19 15:21:00,33.12,37.91,23.73,6.85,5.35,25.18,palta,14,2026-06-19T15:21,35.0,regar 14 min; humedad cambia -0.18%/h en la ultima hora,0.23,2026-06-19T14:21,2026-06-19T15:21,61,-0.183
KIT_001,2026-06-19 15:36:00,33.98,38.21,23.84,6.64,5.4,25.99,palta,11,2026-06-19T15:36,35.0,regar 11 min; humedad cambia +0.38%/h en la ultima hora,0.13,2026-06-19T14:36,2026-06-19T15:36,61,0.384
KIT_001,2026-06-19 15:51:00,32.69,38.2,24.09,7.29,5.61,26.21,palta,14,2026-06-19T15:51,35.0,regar 14 min; humedad cambia +0.05%/h en la ultima hora,0.18,2026-06-19T14:51,2026-06-19T15:51,61,0.046
KIT_001,2026-06-19 16:06:00,33.5,38.04,24.25,7.4,5.82,25.84,palta,12,2026-06-19T16:06,35.0,regar 12 min; humedad cambia -0.34%/h en la ultima hora,0.17,2026-06-19T15:06,2026-06-19T16:06,61,-0.34
KIT_001,2026-06-19 16:21:00,36.74,39.4,24.25,4.48,3.82,26.21,palta,4,2026-06-19T16:21,35.0,regar 4 min; humedad cambia +0.89%/h en la ultima hora,0.0,2026-06-19T15:21,2026-06-19T16:21,61,0.893
KIT_001,2026-06-19 16:36:00,38.35,40.6,24.87,2.56,3.81,27.92,palta,4,2026-06-19T16:36,35.0,regar 4 min; humedad cambia +5.66%/h en la ultima hora,0.0,2026-06-19T15:36,2026-06-19T16:36,61,5.658
KIT_001,2026-06-19 16:51:00,38.02,40.62,24.66,2.77,3.94,26.27,palta,4,2026-06-19T16:51,35.0,regar 4 min; humedad cambia +7.33%/h en la ultima hora,0.0,2026-06-19T15:51,2026-06-19T16:51,61,7.328
KIT_001,2026-06-19 17:06:00,37.84,40.42,24.99,2.98,4.21,27.85,palta,3,2026-06-19T17:06,35.0,regar 3 min; humedad cambia +4.98%/h en la ultima hora,0.0,2026-06-19T16:06,2026-06-19T17:06,61,4.983
KIT_001,2026-06-19 17:21:00,37.36,40.29,24.91,2.61,3.33,26.94,palta,4,2026-06-19T17:21,35.0,regar 4 min; humedad cambia +0.11%/h en la ultima hora,0.0,2026-06-19T16:21,2026-06-19T17:21,61,0.107
KIT_001,2026-06-19 17:36:00,37.61,40.2,24.56,3.24,3.29,25.97,palta,5,2026-06-19T17:36,35.0,regar 5 min; humedad cambia -0.78%/h en la ultima hora,0.0,2026-06-19T16:36,2026-06-19T17:36,61,-0.78
KIT_001,2026-06-19 17:51:00,37.38,42.41,24.66,3.28,2.92,27.57,palta,3,2026-06-19T17:51,35.0,regar 3 min; humedad cambia -0.82%/h en la ultima hora,0.0,2026-06-19T16:51,2026-06-19T17:51,61,-0.823
KIT_001,2026-06-19 18:06:00,37.67,42.0,25.19,2.92,2.79,28.29,palta,3,2026-06-19T18:06,35.0,regar 3 min; humedad cambia -0.50%/h en la ultima hora,0.0,2026-06-19T17:06,2026-06-19T18:06,61,-0.495
KIT_001,2026-06-19 18:21:00,37.18,41.71,25.17,3.5,3.04,27.69,palta,3,2026-06-19T18:21,35.0,regar 3 min; humedad cambia -0.16%/h en la ultima hora,0.0,2026-06-19T17:21,2026-06-19T18:21,61,-0.163
KIT_001,2026-06-19 18:36:00,36.83,41.71,24.98,2.77,3.1,27.82,palta,3,2026-06-19T18:36,35.0,regar 3 min; humedad cambia -0.16%/h en la ultima hora,0.0,2026-06-19T17:36,2026-06-19T18:36,61,-0.162
KIT_001,2026-06-19 18:51:00,35.92,41.41,25.12,2.87,2.78,27.09,palta,3,2026-06-19T18:51,35.0,regar 3 min; humedad cambia -0.40%/h en la ultima hora,0.0,2026-06-19T17:51,2026-06-19T18:51,61,-0.399
KIT_001,2026-06-19 19:06:00,36.8,41.6,25.53,2.74,3.12,27.73,palta,4,2026-06-19T19:06,35.0,regar 4 min; humedad cambia -0.83%/h en la ultima hora,0.0,2026-06-19T18:06,2026-06-19T19:06,61,-0.83
KIT_001,2026-06-19 19:21:00,36.14,41.79,26.08,3.01,2.89,27.99,palta,5,2026-06-19T19:21,35.0,regar 5 min; humedad cambia -1.02%/h en la ultima hora,0.0,2026-06-19T18:21,2026-06-19T19:21,61,-1.018
KIT_001,2026-06-19 19:36:00,36.28,41.29,25.16,3.47,2.55,26.81,palta,5,2026-06-19T19:36,35.0,regar 5 min; humedad cambia -1.26%/h en la ultima hora,0.0,2026-06-19T18:36,2026-06-19T19:36,61,-1.259
KIT_001,2026-06-19 19:51:00,36.14,41.18,25.51,2.91,3.26,27.4,palta,4,2026-06-19T19:51,35.0,regar 4 min; humedad cambia -0.67%/h en la ultima hora,0.0,2026-06-19T18:51,2026-06-19T19:51,61,-0.666
KIT_001,2026-06-19 20:06:00,35.34,41.36,25.51,2.56,2.95,27.29,palta,3,2026-06-19T20:06,35.0,regar 3 min; humedad cambia -0.39%/h en la ultima hora,0.0,2026-06-19T19:06,2026-06-19T20:06,61,-0.389
KIT_001,2026-06-19 20:21:00,35.83,41.05,25.79,2.77,2.98,27.9,palta,3,2026-06-19T20:21,35.0,regar 3 min; humedad cambia -0.21%/h en la ultima hora,0.0,2026-06-19T19:21,2026-06-19T20:21,61,-0.213
KIT_001,2026-06-19 20:36:00,35.76,41.22,25.33,3.19,2.89,27.92,palta,3,2026-06-19T20:36,35.0,regar 3 min; humedad cambia -0.35%/h en la ultima hora,0.0,2026-06-19T19:36,2026-06-19T20:36,61,-0.35
KIT_001,2026-06-19 20:51:00,35.88,41.09,25.2,3.22,3.08,26.93,palta,3,2026-06-19T20:51,35.0,regar 3 min; humedad cambia -0.29%/h en la ultima hora,0.0,2026-06-19T19:51,2026-06-19T20:51,61,-0.287
KIT_001,2026-06-19 21:06:00,35.58,40.37,25.32,4.29,3.49,27.2,palta,4,2026-06-19T21:06,35.0,regar 4 min; humedad cambia -0.50%/h en la ultima hora,0.0,2026-06-19T20:06,2026-06-19T21:06,61,-0.497
KIT_001,2026-06-19 21:21:00,35.77,41.16,24.61,3.85,3.52,27.18,palta,4,2026-06-19T21:21,35.0,regar 4 min; humedad cambia -0.72%/h en la ultima hora,0.0,2026-06-19T20:21,2026-06-19T21:21,61,-0.716
KIT_001,2026-06-19 21:36:00,36.08,40.89,24.76,3.08,3.14,26.39,palta,3,2026-06-19T21:36,35.0,regar 3 min; humedad cambia -0.32%/h en la ultima hora,0.0,2026-06-19T20:36,2026-06-19T21:36,61,-0.318
KIT_001,2026-06-19 21:51:00,35.59,40.86,24.42,3.6,3.26,26.11,palta,3,2026-06-19T21:51,35.0,regar 3 min; humedad cambia +0.24%/h en la ultima hora,0.0,2026-06-19T20:51,2026-06-19T21:51,61,0.237
KIT_001,2026-06-19 22:06:00,35.37,40.87,24.84,3.51,3.41,26.66,palta,3,2026-06-19T22:06,35.0,regar 3 min; humedad cambia +0.16%/h en la ultima hora,0.0,2026-06-19T21:06,2026-06-19T22:06,61,0.162
KIT_001,2026-06-19 22:21:00,35.18,40.61,24.74,3.88,3.12,26.27,palta,4,2026-06-19T22:21,35.0,regar 4 min; humedad cambia -0.30%/h en la ultima hora,0.0,2026-06-19T21:21,2026-06-19T22:21,61,-0.3
KIT_001,2026-06-19 22:36:00,35.63,40.71,24.32,3.61,3.79,26.24,palta,4,2026-06-19T22:36,35.0,regar 4 min; humedad cambia -0.35%/h en la ultima hora,0.0,2026-06-19T21:36,2026-06-19T22:36,61,-0.345
KIT_001,2026-06-19 22:51:00,34.6,40.45,24.26,4.28,3.78,24.91,palta,7,2026-06-19T22:51,35.0,regar 7 min; humedad cambia -0.27%/h en la ultima hora,0.0,2026-06-19T21:51,2026-06-19T22:51,61,-0.268
KIT_001,2026-06-19 23:06:00,35.0,40.44,23.99,4.46,3.13,25.38,palta,4,2026-06-19T23:06,35.0,regar 4 min; humedad cambia -0.48%/h en la ultima hora,0.0,2026-06-19T22:06,2026-06-19T23:06,61,-0.476
KIT_001,2026-06-19 23:21:00,34.87,40.24,23.74,4.44,3.94,24.89,palta,6,2026-06-19T23:21,35.0,regar 6 min; humedad cambia -0.75%/h en la ultima hora,0.0,2026-06-19T22:21,2026-06-19T23:21,61,-0.746
KIT_001,2026-06-19 23:36:00,35.05,40.42,24.01,4.53,4.07,24.28,palta,4,2026-06-19T23:36,35.0,regar 4 min; humedad cambia -0.54%/h en la ultima hora,0.0,2026-06-19T22:36,2026-06-19T23:36,61,-0.542
KIT_001,2026-06-19 23:51:00,35.13,40.35,23.2,4.95,3.85,23.49,palta,3,2026-06-19T23:51,35.0,regar 3 min; humedad cambia -0.21%/h en la ultima hora,0.0,2026-06-19T22:51,2026-06-19T23:51,61,-0.212
KIT_001,2026-06-20 00:06:00,34.77,40.48,23.28,4.81,3.71,23.7,palta,12,2026-06-20T00:06,35.0,regar 12 min; humedad cambia -0.19%/h en la ultima hora,0.0,2026-06-19T23:06,2026-06-20T00:06,61,-0.189
KIT_001,2026-06-20 00:21:00,34.58,40.31,22.77,4.99,2.91,23.01,palta,12,2026-06-20T00:21,35.0,regar 12 min; humedad cambia -0.03%/h en la ultima hora,0.0,2026-06-19T23:21,2026-06-20T00:21,61,-0.026
KIT_001,2026-06-20 00:36:00,34.91,40.66,22.34,4.03,3.74,21.69,palta,8,2026-06-20T00:36,35.0,regar 8 min; humedad cambia +0.05%/h en la ultima hora,0.0,2026-06-19T23:36,2026-06-20T00:36,61,0.051
KIT_001,2026-06-20 00:51:00,34.6,40.66,22.34,5.38,3.89,22.08,palta,14,2026-06-20T00:51,35.0,regar 14 min; humedad cambia +0.10%/h en la ultima hora,0.0,2026-06-19T23:51,2026-06-20T00:51,61,0.097
KIT_001,2026-06-20 01:06:00,35.5,39.96,22.58,4.85,3.35,22.65,palta,10,2026-06-20T01:06,35.0,regar 10 min; humedad cambia -0.03%/h en la ultima hora,0.0,2026-06-20T00:06,2026-06-20T01:06,61,-0.029
KIT_001,2026-06-20 01:21:00,34.85,40.39,21.8,5.05,3.78,21.07,palta,12,2026-06-20T01:21,35.0,regar 12 min; humedad cambia -0.01%/h en la ultima hora,0.0,2026-06-20T00:21,2026-06-20T01:21,61,-0.007
KIT_001,2026-06-20 01:36:00,34.56,40.08,21.72,5.55,4.56,21.23,palta,15,2026-06-20T01:36,35.0,regar 15 min; humedad cambia -0.15%/h en la ultima hora,0.0,2026-06-20T00:36,2026-06-20T01:36,61,-0.151
KIT_001,2026-06-20 01:51:00,34.53,40.66,22.1,4.5,3.95,21.19,palta,14,2026-06-20T01:51,35.0,regar 14 min; humedad cambia -0.08%/h en la ultima hora,0.0,2026-06-20T00:51,2026-06-20T01:51,61,-0.084
KIT_001,2026-06-20 02:06:00,34.98,40.33,21.16,5.5,3.56,19.65,palta,10,2026-06-20T02:06,35.0,regar 10 min; humedad cambia -0.16%/h en la ultima hora,0.0,2026-06-20T01:06,2026-06-20T02:06,61,-0.165
KIT_001,2026-06-20 02:21:00,34.12,40.39,21.23,4.9,3.51,20.05,palta,14,2026-06-20T02:21,35.0,regar 14 min; humedad cambia -0.02%/h en la ultima hora,0.0,2026-06-20T01:21,2026-06-20T02:21,61,-0.017
KIT_001,2026-06-20 02:36:00,34.88,40.64,20.87,5.36,4.23,20.23,palta,9,2026-06-20T02:36,35.0,regar 9 min; humedad cambia -0.03%/h en la ultima hora,0.0,2026-06-20T01:36,2026-06-20T02:36,61,-0.033
KIT_001,2026-06-20 02:51:00,34.99,40.52,20.56,5.5,3.79,19.07,palta,10,2026-06-20T02:51,35.0,regar 10 min; humedad cambia +0.27%/h en la ultima hora,0.0,2026-06-20T01:51,2026-06-20T02:51,61,0.268
KIT_001,2026-06-20 03:06:00,35.22,40.24,20.11,5.05,3.64,18.43,palta,11,2026-06-20T03:06,35.0,regar 11 min; humedad cambia +0.24%/h en la ultima hora,0.0,2026-06-20T02:06,2026-06-20T03:06,61,0.245
KIT_001,2026-06-20 03:21:00,35.04,40.58,20.21,4.78,3.97,18.63,palta,10,2026-06-20T03:21,35.0,regar 10 min; humedad cambia +0.38%/h en la ultima hora,0.0,2026-06-20T02:21,2026-06-20T03:21,61,0.377
KIT_001,2026-06-20 03:36:00,35.3,40.29,20.45,4.54,3.43,18.31,palta,9,2026-06-20T03:36,35.0,regar 9 min; humedad cambia +0.20%/h en la ultima hora,0.0,2026-06-20T02:36,2026-06-20T03:36,61,0.201
KIT_001,2026-06-20 03:51:00,34.42,39.89,20.09,5.11,4.42,17.83,palta,15,2026-06-20T03:51,35.0,regar 15 min; humedad cambia +0.20%/h en la ultima hora,0.0,2026-06-20T02:51,2026-06-20T03:51,61,0.197
KIT_001,2026-06-20 04:06:00,34.39,39.5,20.16,5.98,4.65,19.88,palta,17,2026-06-20T04:06,35.0,regar 17 min; humedad cambia -0.35%/h en la ultima hora,0.0,2026-06-20T03:06,2026-06-20T04:06,61,-0.353
KIT_001,2026-06-20 04:21:00,33.9,39.1,20.73,5.91,5.01,19.87,palta,28,2026-06-20T04:21,35.0,regar 28 min; humedad cambia -1.30%/h en la ultima hora,0.29,2026-06-20T03:21,2026-06-20T04:21,61,-1.297
KIT_001,2026-06-20 04:36:00,34.48,38.87,20.91,5.93,5.13,21.1,palta,30,2026-06-20T04:36,35.0,regar 30 min; humedad cambia -1.28%/h en la ultima hora,0.39,2026-06-20T03:36,2026-06-20T04:36,61,-1.275
KIT_001,2026-06-20 04:51:00,33.69,39.31,20.65,5.84,5.03,20.51,palta,24,2026-06-20T04:51,35.0,regar 24 min; humedad cambia -0.71%/h en la ultima hora,0.21,2026-06-20T03:51,2026-06-20T04:51,61,-0.709
KIT_001,2026-06-20 05:06:00,33.44,38.76,21.66,5.91,5.48,22.05,palta,22,2026-06-20T05:06,35.0,regar 22 min; humedad cambia -0.26%/h en la ultima hora,0.13,2026-06-20T04:06,2026-06-20T05:06,61,-0.259
KIT_001,2026-06-20 05:21:00,33.06,38.97,21.6,6.95,5.11,21.6,palta,23,2026-06-20T05:21,35.0,regar 23 min; humedad cambia -0.73%/h en la ultima hora,0.15,2026-06-20T04:21,2026-06-20T05:21,61,-0.728
KIT_001,2026-06-20 05:36:00,33.63,38.97,21.44,6.61,4.73,22.31,palta,22,2026-06-20T05:36,35.0,regar 22 min; humedad cambia -0.68%/h en la ultima hora,0.13,2026-06-20T04:36,2026-06-20T05:36,61,-0.68
KIT_001,2026-06-20 05:51:00,33.62,39.05,21.47,6.87,5.26,22.28,palta,20,2026-06-20T05:51,35.0,regar 20 min; humedad cambia -0.29%/h en la ultima hora,0.06,2026-06-20T04:51,2026-06-20T05:51,61,-0.286
KIT_001,2026-06-20 06:06:00,33.15,38.53,22.17,6.92,5.65,22.62,palta,20,2026-06-20T06:06,35.0,regar 20 min; humedad cambia -0.20%/h en la ultima hora,0.07,2026-06-20T05:06,2026-06-20T06:06,61,-0.2
KIT_001,2026-06-20 06:21:00,34.06,38.57,21.71,7.53,5.18,21.68,palta,20,2026-06-20T06:21,35.0,regar 20 min; humedad cambia -0.23%/h en la ultima hora,0.05,2026-06-20T05:21,2026-06-20T06:21,61,-0.227
KIT_001,2026-06-20 06:36:00,33.25,38.59,22.7,6.61,5.16,23.12,palta,22,2026-06-20T06:36,35.0,regar 22 min; humedad cambia -0.31%/h en la ultima hora,0.15,2026-06-20T05:36,2026-06-20T06:36,61,-0.314
KIT_001,2026-06-20 06:51:00,33.33,38.33,22.6,7.43,5.39,23.27,palta,24,2026-06-20T06:51,35.0,regar 24 min; humedad cambia -0.06%/h en la ultima hora,0.19,2026-06-20T05:51,2026-06-20T06:51,61,-0.058
KIT_001,2026-06-20 07:06:00,33.76,38.53,22.86,7.24,5.52,23.67,palta,20,2026-06-20T07:06,35.0,regar 20 min; humedad cambia -0.20%/h en la ultima hora,0.1,2026-06-20T06:06,2026-06-20T07:06,61,-0.196
KIT_001,2026-06-20 07:21:00,33.34,38.3,23.06,7.52,5.73,24.69,palta,24,2026-06-20T07:21,35.0,regar 24 min; humedad cambia -0.27%/h en la ultima hora,0.18,2026-06-20T06:21,2026-06-20T07:21,61,-0.266
KIT_001,2026-06-20 07:36:00,32.77,38.05,23.27,7.39,5.59,24.74,palta,25,2026-06-20T07:36,35.0,regar 25 min; humedad cambia -0.29%/h en la ultima hora,0.27,2026-06-20T06:36,2026-06-20T07:36,61,-0.292
KIT_001,2026-06-20 07:51:00,32.87,38.11,23.59,7.1,6.34,24.91,palta,25,2026-06-20T07:51,35.0,regar 25 min; humedad cambia -0.24%/h en la ultima hora,0.26,2026-06-20T06:51,2026-06-20T07:51,61,-0.237
KIT_001,2026-06-20 08:06:00,33.29,38.51,23.4,6.44,5.29,25.05,palta,19,2026-06-20T08:06,35.0,regar 19 min; humedad cambia +0.10%/h en la ultima hora,0.1,2026-06-20T07:06,2026-06-20T08:06,61,0.095
KIT_001,2026-06-20 08:21:00,32.53,38.17,23.9,7.19,5.37,25.25,palta,24,2026-06-20T08:21,35.0,regar 24 min; humedad cambia +0.32%/h en la ultima hora,0.22,2026-06-20T07:21,2026-06-20T08:21,61,0.319
KIT_001,2026-06-20 08:36:00,33.28,37.64,24.41,7.25,4.97,26.28,palta,18,2026-06-20T08:36,35.0,regar 18 min; humedad cambia +0.15%/h en la ultima hora,0.17,2026-06-20T07:36,2026-06-20T08:36,61,0.152
KIT_001,2026-06-20 08:51:00,32.96,37.64,24.08,7.55,6.14,25.91,palta,21,2026-06-20T08:51,35.0,regar 21 min; humedad cambia -0.42%/h en la ultima hora,0.24,2026-06-20T07:51,2026-06-20T08:51,61,-0.417
KIT_001,2026-06-20 09:06:00,37.85,40.09,24.51,2.76,3.59,26.74,palta,4,2026-06-20T09:06,35.0,regar 4 min; humedad cambia +2.32%/h en la ultima hora,0.0,2026-06-20T08:06,2026-06-20T09:06,61,2.325
KIT_001,2026-06-20 09:21:00,38.18,40.34,25.08,3.13,3.98,27.03,palta,5,2026-06-20T09:21,35.0,regar 5 min; humedad cambia +6.61%/h en la ultima hora,0.0,2026-06-20T08:21,2026-06-20T09:21,61,6.606
KIT_001,2026-06-20 09:36:00,37.59,40.13,24.86,2.86,4.13,26.73,palta,5,2026-06-20T09:36,35.0,regar 5 min; humedad cambia +6.86%/h en la ultima hora,0.0,2026-06-20T08:36,2026-06-20T09:36,61,6.86
KIT_001,2026-06-20 09:51:00,37.43,40.16,24.83,3.14,3.99,27.68,palta,4,2026-06-20T09:51,35.0,regar 4 min; humedad cambia +3.42%/h en la ultima hora,0.0,2026-06-20T08:51,2026-06-20T09:51,61,3.417
KIT_001,2026-06-20 10:06:00,38.29,40.95,24.85,2.72,4.0,27.52,palta,7,2026-06-20T10:06,35.0,regar 7 min; humedad cambia -0.37%/h en la ultima hora,0.0,2026-06-20T09:06,2026-06-20T10:06,61,-0.366
KIT_001,2026-06-20 10:21:00,37.32,41.38,24.78,2.96,3.09,26.98,palta,5,2026-06-20T10:21,35.0,regar 5 min; humedad cambia -0.51%/h en la ultima hora,0.0,2026-06-20T09:21,2026-06-20T10:21,61,-0.508
KIT_001,2026-06-20 10:36:00,37.19,41.52,24.94,3.59,3.05,27.76,palta,3,2026-06-20T10:36,35.0,regar 3 min; humedad cambia -0.42%/h en la ultima hora,0.0,2026-06-20T09:36,2026-06-20T10:36,61,-0.422
KIT_001,2026-06-20 10:51:00,37.12,42.07,25.64,2.61,3.2,27.9,palta,3,2026-06-20T10:51,35.0,regar 3 min; humedad cambia -0.40%/h en la ultima hora,0.0,2026-06-20T09:51,2026-06-20T10:51,61,-0.404
KIT_001,2026-06-20 11:06:00,36.98,41.78,25.19,2.93,2.83,28.27,palta,4,2026-06-20T11:06,35.0,regar 4 min; humedad cambia -0.46%/h en la ultima hora,0.0,2026-06-20T10:06,2026-06-20T11:06,61,-0.464
KIT_001,2026-06-20 11:21:00,37.26,41.7,24.97,3.06,3.17,27.12,palta,6,2026-06-20T11:21,35.0,regar 6 min; humedad cambia -0.60%/h en la ultima hora,0.0,2026-06-20T10:21,2026-06-20T11:21,61,-0.603
KIT_001,2026-06-20 11:36:00,36.21,42.1,25.08,3.12,3.14,27.56,palta,4,2026-06-20T11:36,35.0,regar 4 min; humedad cambia -0.79%/h en la ultima hora,0.0,2026-06-20T10:36,2026-06-20T11:36,61,-0.792
KIT_001,2026-06-20 11:51:00,36.61,42.1,25.51,2.83,2.87,28.18,palta,4,2026-06-20T11:51,35.0,regar 4 min; humedad cambia -0.67%/h en la ultima hora,0.0,2026-06-20T10:51,2026-06-20T11:51,61,-0.668
KIT_001,2026-06-20 12:06:00,36.22,41.0,25.48,3.26,3.11,27.8,palta,8,2026-06-20T12:06,35.0,regar 8 min; humedad cambia -0.92%/h en la ultima hora,0.0,2026-06-20T11:06,2026-06-20T12:06,61,-0.916
KIT_001,2026-06-20 12:21:00,36.22,41.72,25.73,3.42,2.8,27.49,palta,7,2026-06-20T12:21,35.0,regar 7 min; humedad cambia -0.88%/h en la ultima hora,0.0,2026-06-20T11:21,2026-06-20T12:21,61,-0.883
KIT_001,2026-06-20 12:36:00,36.43,41.43,25.19,2.96,3.12,27.47,palta,6,2026-06-20T12:36,35.0,regar 6 min; humedad cambia -0.70%/h en la ultima hora,0.0,2026-06-20T11:36,2026-06-20T12:36,61,-0.697
KIT_001,2026-06-20 12:51:00,35.72,41.36,25.59,3.14,2.53,27.12,palta,6,2026-06-20T12:51,35.0,regar 6 min; humedad cambia -0.50%/h en la ultima hora,0.0,2026-06-20T11:51,2026-06-20T12:51,61,-0.495
KIT_001,2026-06-20 13:06:00,35.82,41.63,25.66,3.09,3.18,28.02,palta,5,2026-06-20T13:06,35.0,regar 5 min; humedad cambia -0.36%/h en la ultima hora,0.0,2026-06-20T12:06,2026-06-20T13:06,61,-0.357
KIT_001,2026-06-20 13:21:00,35.82,40.65,25.09,2.79,3.33,27.05,palta,5,2026-06-20T13:21,35.0,regar 5 min; humedad cambia -0.12%/h en la ultima hora,0.0,2026-06-20T12:21,2026-06-20T13:21,61,-0.121
KIT_001,2026-06-20 13:36:00,36.0,40.82,24.97,3.27,3.16,27.21,palta,4,2026-06-20T13:36,35.0,regar 4 min; humedad cambia -0.16%/h en la ultima hora,0.0,2026-06-20T12:36,2026-06-20T13:36,61,-0.157
KIT_001,2026-06-20 13:51:00,35.61,41.03,25.3,3.99,3.23,27.29,palta,5,2026-06-20T13:51,35.0,regar 5 min; humedad cambia -0.50%/h en la ultima hora,0.0,2026-06-20T12:51,2026-06-20T13:51,61,-0.498
KIT_001,2026-06-20 14:06:00,35.72,40.6,25.05,3.75,3.24,26.8,palta,5,2026-06-20T14:06,35.0,regar 5 min; humedad cambia -0.41%/h en la ultima hora,0.0,2026-06-20T13:06,2026-06-20T14:06,61,-0.412
KIT_001,2026-06-20 14:21:00,35.1,40.66,24.75,3.59,3.18,25.96,palta,4,2026-06-20T14:21,35.0,regar 4 min; humedad cambia -0.18%/h en la ultima hora,0.0,2026-06-20T13:21,2026-06-20T14:21,61,-0.177
KIT_001,2026-06-20 14:36:00,35.59,40.31,24.82,3.85,3.43,25.77,palta,4,2026-06-20T14:36,35.0,regar 4 min; humedad cambia +0.04%/h en la ultima hora,0.0,2026-06-20T13:36,2026-06-20T14:36,61,0.041
KIT_001,2026-06-20 14:51:00,35.35,40.75,24.74,3.92,3.58,26.81,palta,4,2026-06-20T14:51,35.0,regar 4 min; humedad cambia -0.16%/h en la ultima hora,0.0,2026-06-20T13:51,2026-06-20T14:51,61,-0.16
KIT_001,2026-06-20 15:06:00,35.59,41.04,24.68,3.87,3.08,25.81,palta,4,2026-06-20T15:06,35.0,regar 4 min; humedad cambia -0.15%/h en la ultima hora,0.0,2026-06-20T14:06,2026-06-20T15:06,61,-0.153
KIT_001,2026-06-20 15:21:00,35.56,40.38,24.3,3.81,3.34,25.89,palta,4,2026-06-20T15:21,35.0,regar 4 min; humedad cambia -0.03%/h en la ultima hora,0.0,2026-06-20T14:21,2026-06-20T15:21,61,-0.031
KIT_001,2026-06-20 15:36:00,34.83,41.13,23.85,4.63,3.15,24.51,palta,5,2026-06-20T15:36,35.0,regar 5 min; humedad cambia -0.25%/h en la ultima hora,0.0,2026-06-20T14:36,2026-06-20T15:36,61,-0.252
KIT_001,2026-06-20 15:51:00,34.58,40.56,24.4,4.77,3.75,25.16,palta,8,2026-06-20T15:51,35.0,regar 8 min; humedad cambia -0.82%/h en la ultima hora,0.01,2026-06-20T14:51,2026-06-20T15:51,61,-0.819
KIT_001,2026-06-20 16:06:00,35.06,40.53,23.73,4.61,4.17,24.55,palta,5,2026-06-20T16:06,35.0,regar 5 min; humedad cambia -0.94%/h en la ultima hora,0.0,2026-06-20T15:06,2026-06-20T16:06,61,-0.94
KIT_001,2026-06-20 16:21:00,34.68,39.99,22.99,4.72,3.76,23.39,palta,7,2026-06-20T16:21,35.0,regar 7 min; humedad cambia -0.57%/h en la ultima hora,0.0,2026-06-20T15:21,2026-06-20T16:21,61,-0.568
KIT_001,2026-06-20 16:36:00,35.02,40.44,23.73,4.95,3.7,24.28,palta,4,2026-06-20T16:36,35.0,regar 4 min; humedad cambia +0.13%/h en la ultima hora,0.0,2026-06-20T15:36,2026-06-20T16:36,61,0.134
KIT_001,2026-06-20 16:51:00,34.55,40.79,22.91,4.69,3.18,23.14,palta,6,2026-06-20T16:51,35.0,regar 6 min; humedad cambia +0.05%/h en la ultima hora,0.0,2026-06-20T15:51,2026-06-20T16:51,61,0.047
KIT_001,2026-06-20 17:06:00,34.71,40.83,23.06,4.41,3.45,23.03,palta,5,2026-06-20T17:06,35.0,regar 5 min; humedad cambia -0.30%/h en la ultima hora,0.0,2026-06-20T16:06,2026-06-20T17:06,61,-0.301
KIT_001,2026-06-20 17:21:00,35.28,40.4,22.48,4.92,3.22,22.0,palta,3,2026-06-20T17:21,35.0,regar 3 min; humedad cambia -0.11%/h en la ultima hora,0.0,2026-06-20T16:21,2026-06-20T17:21,61,-0.111
KIT_001,2026-06-20 17:36:00,34.95,40.57,22.59,4.62,3.87,22.2,palta,3,2026-06-20T17:36,35.0,regar 3 min; humedad cambia -0.01%/h en la ultima hora,0.0,2026-06-20T16:36,2026-06-20T17:36,61,-0.013
KIT_001,2026-06-20 17:51:00,35.01,40.32,22.1,4.75,4.03,21.69,palta,4,2026-06-20T17:51,35.0,regar 4 min; humedad cambia +0.16%/h en la ultima hora,0.0,2026-06-20T16:51,2026-06-20T17:51,61,0.162
KIT_001,2026-06-20 18:06:00,34.82,39.89,21.5,4.5,3.8,20.64,palta,5,2026-06-20T18:06,35.0,regar 5 min; humedad cambia +0.05%/h en la ultima hora,0.0,2026-06-20T17:06,2026-06-20T18:06,61,0.046
KIT_001,2026-06-20 18:21:00,35.24,40.42,21.91,5.25,3.89,20.9,palta,3,2026-06-20T18:21,35.0,regar 3 min; humedad cambia +0.02%/h en la ultima hora,0.0,2026-06-20T17:21,2026-06-20T18:21,61,0.016
KIT_001,2026-06-20 18:36:00,34.68,40.88,21.93,4.4,3.67,20.67,palta,6,2026-06-20T18:36,35.0,regar 6 min; humedad cambia -0.03%/h en la ultima hora,0.0,2026-06-20T17:36,2026-06-20T18:36,61,-0.031
KIT_001,2026-06-20 18:51:00,34.55,40.21,21.08,5.55,3.9,20.0,palta,6,2026-06-20T18:51,35.0,regar 6 min; humedad cambia -0.19%/h en la ultima hora,0.0,2026-06-20T17:51,2026-06-20T18:51,61,-0.191
KIT_001,2026-06-20 19:06:00,34.87,39.76,20.99,5.02,3.14,20.1,palta,4,2026-06-20T19:06,35.0,regar 4 min; humedad cambia -0.43%/h en la ultima hora,0.0,2026-06-20T18:06,2026-06-20T19:06,61,-0.425
KIT_001,2026-06-20 19:21:00,34.83,40.24,21.2,4.9,3.72,19.48,palta,5,2026-06-20T19:21,35.0,regar 5 min; humedad cambia -0.58%/h en la ultima hora,0.0,2026-06-20T18:21,2026-06-20T19:21,61,-0.578
KIT_001,2026-06-20 19:36:00,34.89,39.89,20.58,5.59,3.48,19.21,palta,3,2026-06-20T19:36,35.0,regar 3 min; humedad cambia +0.13%/h en la ultima hora,0.0,2026-06-20T18:36,2026-06-20T19:36,61,0.129
KIT_001,2026-06-20 19:51:00,34.85,40.43,20.5,5.16,3.65,18.37,palta,5,2026-06-20T19:51,35.0,regar 5 min; humedad cambia +0.49%/h en la ultima hora,0.0,2026-06-20T18:51,2026-06-20T19:51,61,0.488
KIT_001,2026-06-20 20:06:00,34.66,40.87,20.52,4.74,3.97,18.66,palta,6,2026-06-20T20:06,35.0,regar 6 min; humedad cambia +0.48%/h en la ultima hora,0.0,2026-06-20T19:06,2026-06-20T20:06,61,0.477
KIT_001,2026-06-20 20:21:00,34.32,40.42,20.03,5.11,3.51,18.69,palta,6,2026-06-20T20:21,35.0,regar 6 min; humedad cambia +0.02%/h en la ultima hora,0.0,2026-06-20T19:21,2026-06-20T20:21,61,0.016
KIT_001,2026-06-20 20:36:00,35.15,40.14,19.87,4.88,3.66,17.3,palta,2,2026-06-20T20:36,35.0,regar 2 min; humedad cambia +0.19%/h en la ultima hora,0.0,2026-06-20T19:36,2026-06-20T20:36,61,0.186
KIT_001,2026-06-20 20:51:00,33.52,39.03,20.18,5.82,5.22,19.93,palta,9,2026-06-20T20:51,35.0,regar 9 min; humedad cambia -0.74%/h en la ultima hora,0.31,2026-06-20T19:51,2026-06-20T20:51,61,-0.737
KIT_001,2026-06-20 21:06:00,33.95,39.67,20.81,6.07,5.21,20.67,palta,11,2026-06-20T21:06,35.0,regar 11 min; humedad cambia -1.41%/h en la ultima hora,0.31,2026-06-20T20:06,2026-06-20T21:06,61,-1.41
KIT_001,2026-06-20 21:21:00,34.28,38.42,20.97,5.55,4.91,20.74,palta,13,2026-06-20T21:21,35.0,regar 13 min; humedad cambia -1.04%/h en la ultima hora,0.41,2026-06-20T20:21,2026-06-20T21:21,61,-1.043
KIT_001,2026-06-20 21:36:00,33.83,39.09,20.9,6.35,4.96,20.35,palta,10,2026-06-20T21:36,35.0,regar 10 min; humedad cambia -0.45%/h en la ultima hora,0.29,2026-06-20T20:36,2026-06-20T21:36,61,-0.446
KIT_001,2026-06-20 21:51:00,33.51,39.57,21.44,6.42,5.63,22.17,palta,7,2026-06-20T21:51,35.0,regar 7 min; humedad cambia -0.13%/h en la ultima hora,0.04,2026-06-20T20:51,2026-06-20T21:51,61,-0.133
KIT_001,2026-06-20 22:06:00,33.38,38.74,21.26,6.05,5.38,21.02,palta,9,2026-06-20T22:06,35.0,regar 9 min; humedad cambia -0.67%/h en la ultima hora,0.28,2026-06-20T21:06,2026-06-20T22:06,61,-0.674
KIT_001,2026-06-20 22:21:00,33.86,38.86,21.81,6.96,4.56,22.26,palta,9,2026-06-20T22:21,35.0,regar 9 min; humedad cambia -0.50%/h en la ultima hora,0.24,2026-06-20T21:21,2026-06-20T22:21,61,-0.501
KIT_001,2026-06-20 22:36:00,33.73,38.6,21.45,6.51,5.16,21.72,palta,9,2026-06-20T22:36,35.0,regar 9 min; humedad cambia -0.31%/h en la ultima hora,0.2,2026-06-20T21:36,2026-06-20T22:36,61,-0.313
KIT_001,2026-06-20 22:51:00,33.01,39.05,22.17,6.79,5.68,22.06,palta,9,2026-06-20T22:51,35.0,regar 9 min; humedad cambia -0.42%/h en la ultima hora,0.16,2026-06-20T21:51,2026-06-20T22:51,61,-0.422
KIT_001,2026-06-20 23:06:00,33.41,38.54,21.71,7.2,5.49,21.87,palta,9,2026-06-20T23:06,35.0,regar 9 min; humedad cambia -0.51%/h en la ultima hora,0.24,2026-06-20T22:06,2026-06-20T23:06,61,-0.509
KIT_001,2026-06-20 23:21:00,33.79,38.27,22.42,6.79,5.54,22.8,palta,10,2026-06-20T23:21,35.0,regar 10 min; humedad cambia -0.19%/h en la ultima hora,0.23,2026-06-20T22:21,2026-06-20T23:21,61,-0.193
KIT_001,2026-06-20 23:36:00,33.39,38.32,22.73,7.1,5.57,24.18,palta,10,2026-06-20T23:36,35.0,regar 10 min; humedad cambia +0.23%/h en la ultima hora,0.17,2026-06-20T22:36,2026-06-20T23:36,61,0.232
KIT_001,2026-06-20 23:51:00,33.23,38.04,22.72,7.3,5.06,23.15,palta,11,2026-06-20T23:51,35.0,regar 11 min; humedad cambia +0.26%/h en la ultima hora,0.21,2026-06-20T22:51,2026-06-20T23:51,61,0.261
KIT_001,2026-06-21 00:06:00,32.71,37.67,23.86,7.06,5.99,25.48,palta,29,2026-06-21T00:06,35.0,regar 29 min; humedad cambia -0.25%/h en la ultima hora,0.28,2026-06-20T23:06,2026-06-21T00:06,61,-0.251
KIT_001,2026-06-21 00:21:00,32.94,38.29,23.44,7.06,5.71,25.1,palta,29,2026-06-21T00:21,35.0,regar 29 min; humedad cambia -0.60%/h en la ultima hora,0.29,2026-06-20T23:21,2026-06-21T00:21,61,-0.603
KIT_001,2026-06-21 00:36:00,32.89,38.01,23.41,7.29,5.68,24.35,palta,29,2026-06-21T00:36,35.0,regar 29 min; humedad cambia -0.35%/h en la ultima hora,0.28,2026-06-20T23:36,2026-06-21T00:36,61,-0.349
KIT_001,2026-06-21 00:51:00,33.45,38.86,23.98,6.93,5.21,25.32,palta,21,2026-06-21T00:51,35.0,regar 21 min; humedad cambia +0.24%/h en la ultima hora,0.07,2026-06-20T23:51,2026-06-21T00:51,61,0.239
KIT_001,2026-06-21 01:06:00,33.32,38.03,23.89,7.17,5.43,24.8,palta,25,2026-06-21T01:06,35.0,regar 25 min; humedad cambia +0.45%/h en la ultima hora,0.16,2026-06-21T00:06,2026-06-21T01:06,61,0.449
KIT_001,2026-06-21 01:21:00,32.65,38.73,23.9,7.5,5.86,26.05,palta,22,2026-06-21T01:21,35.0,regar 22 min; humedad cambia -0.15%/h en la ultima hora,0.11,2026-06-21T00:21,2026-06-21T01:21,61,-0.15
KIT_001,2026-06-21 01:36:00,32.6,37.98,24.03,8.25,6.47,26.18,palta,30,2026-06-21T01:36,35.0,regar 30 min; humedad cambia -0.44%/h en la ultima hora,0.3,2026-06-21T00:36,2026-06-21T01:36,61,-0.438
KIT_001,2026-06-21 01:51:00,37.52,40.69,24.5,3.0,3.64,26.85,palta,5,2026-06-21T01:51,35.0,regar 5 min; humedad cambia +3.82%/h en la ultima hora,0.0,2026-06-21T00:51,2026-06-21T01:51,61,3.817
KIT_001,2026-06-21 02:06:00,37.94,40.89,24.71,2.61,4.24,27.13,palta,5,2026-06-21T02:06,35.0,regar 5 min; humedad cambia +6.95%/h en la ultima hora,0.0,2026-06-21T01:06,2026-06-21T02:06,61,6.949
KIT_001,2026-06-21 02:21:00,37.52,40.77,24.8,3.46,3.71,26.85,palta,5,2026-06-21T02:21,35.0,regar 5 min; humedad cambia +6.41%/h en la ultima hora,0.0,2026-06-21T01:21,2026-06-21T02:21,61,6.411
KIT_001,2026-06-21 02:36:00,37.65,40.14,24.73,2.75,4.1,27.1,palta,6,2026-06-21T02:36,35.0,regar 6 min; humedad cambia +1.91%/h en la ultima hora,0.0,2026-06-21T01:36,2026-06-21T02:36,61,1.907
KIT_001,2026-06-21 02:51:00,37.72,40.29,24.58,2.67,3.62,26.88,palta,11,2026-06-21T02:51,35.0,regar 11 min; humedad cambia -0.33%/h en la ultima hora,0.0,2026-06-21T01:51,2026-06-21T02:51,61,-0.334
KIT_001,2026-06-21 03:06:00,37.39,41.68,24.96,2.97,3.28,26.73,palta,5,2026-06-21T03:06,35.0,regar 5 min; humedad cambia -0.53%/h en la ultima hora,0.0,2026-06-21T02:06,2026-06-21T03:06,61,-0.526
KIT_001,2026-06-21 03:21:00,37.17,41.74,25.4,2.96,2.89,27.71,palta,4,2026-06-21T03:21,35.0,regar 4 min; humedad cambia -0.44%/h en la ultima hora,0.0,2026-06-21T02:21,2026-06-21T03:21,61,-0.443
KIT_001,2026-06-21 03:36:00,37.12,41.53,24.95,2.57,2.96,27.72,palta,6,2026-06-21T03:36,35.0,regar 6 min; humedad cambia -0.55%/h en la ultima hora,0.0,2026-06-21T02:36,2026-06-21T03:36,61,-0.549
KIT_001,2026-06-21 03:51:00,36.99,41.73,24.91,2.71,2.43,27.18,palta,4,2026-06-21T03:51,35.0,regar 4 min; humedad cambia -0.25%/h en la ultima hora,0.0,2026-06-21T02:51,2026-06-21T03:51,61,-0.248
KIT_001,2026-06-21 04:06:00,37.21,41.89,25.42,2.73,2.46,27.22,palta,4,2026-06-21T04:06,35.0,regar 4 min; humedad cambia -0.34%/h en la ultima hora,0.0,2026-06-21T03:06,2026-06-21T04:06,61,-0.345
KIT_001,2026-06-21 04:21:00,36.49,41.51,25.53,3.39,3.06,27.42,palta,10,2026-06-21T04:21,35.0,regar 10 min; humedad cambia -0.62%/h en la ultima hora,0.0,2026-06-21T03:21,2026-06-21T04:21,61,-0.616
KIT_001,2026-06-21 04:36:00,36.75,41.7,25.82,3.31,3.23,28.13,palta,9,2026-06-21T04:36,35.0,regar 9 min; humedad cambia -0.77%/h en la ultima hora,0.0,2026-06-21T03:36,2026-06-21T04:36,61,-0.766
KIT_001,2026-06-21 04:51:00,37.2,41.78,25.68,3.46,3.13,27.55,palta,8,2026-06-21T04:51,35.0,regar 8 min; humedad cambia -0.89%/h en la ultima hora,0.0,2026-06-21T03:51,2026-06-21T04:51,61,-0.891
KIT_001,2026-06-21 05:06:00,36.48,41.21,25.58,2.9,2.78,28.41,palta,12,2026-06-21T05:06,35.0,regar 12 min; humedad cambia -1.07%/h en la ultima hora,0.0,2026-06-21T04:06,2026-06-21T05:06,61,-1.068
KIT_001,2026-06-21 05:21:00,36.21,41.46,25.82,3.01,3.24,27.7,palta,11,2026-06-21T05:21,35.0,regar 11 min; humedad cambia -0.62%/h en la ultima hora,0.0,2026-06-21T04:21,2026-06-21T05:21,61,-0.623
KIT_001,2026-06-21 05:36:00,35.52,41.18,25.79,3.85,2.61,28.2,palta,9,2026-06-21T05:36,35.0,regar 9 min; humedad cambia -0.31%/h en la ultima hora,0.0,2026-06-21T04:36,2026-06-21T05:36,61,-0.309
KIT_001,2026-06-21 05:51:00,36.35,40.99,25.68,3.71,3.56,27.92,palta,11,2026-06-21T05:51,35.0,regar 11 min; humedad cambia -0.31%/h en la ultima hora,0.0,2026-06-21T04:51,2026-06-21T05:51,61,-0.305
KIT_001,2026-06-21 06:06:00,35.9,41.25,25.17,2.93,3.0,26.8,palta,10,2026-06-21T06:06,35.0,regar 10 min; humedad cambia -0.09%/h en la ultima hora,0.0,2026-06-21T05:06,2026-06-21T06:06,61,-0.089
KIT_001,2026-06-21 06:21:00,35.44,40.71,25.18,3.49,3.9,27.25,palta,11,2026-06-21T06:21,35.0,regar 11 min; humedad cambia -0.28%/h en la ultima hora,0.0,2026-06-21T05:21,2026-06-21T06:21,61,-0.276
KIT_001,2026-06-21 06:36:00,35.84,41.3,25.09,4.15,3.22,27.61,palta,10,2026-06-21T06:36,35.0,regar 10 min; humedad cambia -0.25%/h en la ultima hora,0.0,2026-06-21T05:36,2026-06-21T06:36,61,-0.25
KIT_001,2026-06-21 06:51:00,35.84,40.98,25.13,3.7,3.36,26.1,palta,12,2026-06-21T06:51,35.0,regar 12 min; humedad cambia -0.63%/h en la ultima hora,0.0,2026-06-21T05:51,2026-06-21T06:51,61,-0.628
KIT_001,2026-06-21 07:06:00,36.07,41.01,24.19,4.1,3.01,25.67,palta,10,2026-06-21T07:06,35.0,regar 10 min; humedad cambia -0.04%/h en la ultima hora,0.0,2026-06-21T06:06,2026-06-21T07:06,61,-0.04
KIT_001,2026-06-21 07:21:00,35.36,40.69,24.43,3.58,3.84,26.07,palta,10,2026-06-21T07:21,35.0,regar 10 min; humedad cambia +0.09%/h en la ultima hora,0.0,2026-06-21T06:21,2026-06-21T07:21,61,0.086
KIT_001,2026-06-21 07:36:00,35.64,41.0,24.91,4.17,3.52,26.66,palta,10,2026-06-21T07:36,35.0,regar 10 min; humedad cambia +0.08%/h en la ultima hora,0.0,2026-06-21T06:36,2026-06-21T07:36,61,0.082
KIT_001,2026-06-21 07:51:00,35.33,41.34,24.7,3.92,3.61,25.81,palta,9,2026-06-21T07:51,35.0,regar 9 min; humedad cambia -0.24%/h en la ultima hora,0.0,2026-06-21T06:51,2026-06-21T07:51,61,-0.237
KIT_001,2026-06-21 08:06:00,34.56,40.59,24.32,4.32,3.55,25.23,palta,13,2026-06-21T08:06,35.0,regar 13 min; humedad cambia -0.39%/h en la ultima hora,0.0,2026-06-21T07:06,2026-06-21T08:06,61,-0.393
KIT_001,2026-06-21 08:21:00,34.85,40.43,23.99,4.58,3.93,24.33,palta,12,2026-06-21T08:21,35.0,regar 12 min; humedad cambia -0.47%/h en la ultima hora,0.0,2026-06-21T07:21,2026-06-21T08:21,61,-0.473
KIT_001,2026-06-21 08:36:00,35.0,41.05,24.27,4.84,3.35,25.35,palta,8,2026-06-21T08:36,35.0,regar 8 min; humedad cambia -0.71%/h en la ultima hora,0.0,2026-06-21T07:36,2026-06-21T08:36,61,-0.707
KIT_001,2026-06-21 08:51:00,35.88,40.64,24.03,3.92,3.58,24.82,palta,7,2026-06-21T08:51,35.0,regar 7 min; humedad cambia -0.47%/h en la ultima hora,0.0,2026-06-21T07:51,2026-06-21T08:51,61,-0.466
KIT_001,2026-06-21 09:06:00,35.02,40.51,22.54,4.38,4.12,22.67,palta,7,2026-06-21T09:06,35.0,regar 7 min; humedad cambia -0.04%/h en la ultima hora,0.0,2026-06-21T08:06,2026-06-21T09:06,61,-0.036
KIT_001,2026-06-21 09:21:00,34.47,40.4,23.32,4.67,3.37,23.84,palta,12,2026-06-21T09:21,35.0,regar 12 min; humedad cambia -0.21%/h en la ultima hora,0.0,2026-06-21T08:21,2026-06-21T09:21,61,-0.207
KIT_001,2026-06-21 09:36:00,34.99,40.93,23.15,4.9,3.25,23.2,palta,5,2026-06-21T09:36,35.0,regar 5 min; humedad cambia -0.28%/h en la ultima hora,0.0,2026-06-21T08:36,2026-06-21T09:36,61,-0.284
KIT_001,2026-06-21 09:51:00,35.17,40.25,22.84,4.34,3.5,22.47,palta,5,2026-06-21T09:51,35.0,regar 5 min; humedad cambia -0.34%/h en la ultima hora,0.0,2026-06-21T08:51,2026-06-21T09:51,61,-0.344
KIT_001,2026-06-21 10:06:00,34.86,40.22,22.64,5.38,3.77,22.21,palta,7,2026-06-21T10:06,35.0,regar 7 min; humedad cambia -0.06%/h en la ultima hora,0.0,2026-06-21T09:06,2026-06-21T10:06,61,-0.065
KIT_001,2026-06-21 10:21:00,34.85,40.29,22.4,4.17,3.91,22.41,palta,8,2026-06-21T10:21,35.0,regar 8 min; humedad cambia -0.01%/h en la ultima hora,0.0,2026-06-21T09:21,2026-06-21T10:21,61,-0.01
KIT_001,2026-06-21 10:36:00,34.91,40.09,22.09,5.11,3.9,21.36,palta,7,2026-06-21T10:36,35.0,regar 7 min; humedad cambia +0.02%/h en la ultima hora,0.0,2026-06-21T09:36,2026-06-21T10:36,61,0.02
KIT_001,2026-06-21 10:51:00,35.15,40.23,21.45,4.76,4.01,20.85,palta,6,2026-06-21T10:51,35.0,regar 6 min; humedad cambia -0.01%/h en la ultima hora,0.0,2026-06-21T09:51,2026-06-21T10:51,61,-0.009
KIT_001,2026-06-21 11:06:00,34.52,40.33,21.69,4.84,4.24,21.33,palta,10,2026-06-21T11:06,35.0,regar 10 min; humedad cambia +0.06%/h en la ultima hora,0.0,2026-06-21T10:06,2026-06-21T11:06,61,0.058
KIT_001,2026-06-21 11:21:00,35.08,39.98,21.63,4.82,3.41,20.47,palta,6,2026-06-21T11:21,35.0,regar 6 min; humedad cambia -0.05%/h en la ultima hora,0.0,2026-06-21T10:21,2026-06-21T11:21,61,-0.048
KIT_001,2026-06-21 11:36:00,35.24,40.27,21.57,5.01,4.03,20.26,palta,5,2026-06-21T11:36,35.0,regar 5 min; humedad cambia -0.23%/h en la ultima hora,0.0,2026-06-21T10:36,2026-06-21T11:36,61,-0.233
KIT_001,2026-06-21 11:51:00,35.51,40.4,20.63,5.35,3.85,19.96,palta,5,2026-06-21T11:51,35.0,regar 5 min; humedad cambia -0.35%/h en la ultima hora,0.0,2026-06-21T10:51,2026-06-21T11:51,61,-0.351
KIT_001,2026-06-21 12:06:00,34.48,40.48,21.18,4.98,3.71,18.82,palta,9,2026-06-21T12:06,35.0,regar 9 min; humedad cambia -0.08%/h en la ultima hora,0.0,2026-06-21T11:06,2026-06-21T12:06,61,-0.077
KIT_001,2026-06-21 12:21:00,35.0,39.77,20.46,5.05,3.62,18.72,palta,6,2026-06-21T12:21,35.0,regar 6 min; humedad cambia +0.32%/h en la ultima hora,0.0,2026-06-21T11:21,2026-06-21T12:21,61,0.318
KIT_001,2026-06-21 12:36:00,34.95,39.79,20.08,5.13,3.86,17.53,palta,4,2026-06-21T12:36,35.0,regar 4 min; humedad cambia +0.37%/h en la ultima hora,0.0,2026-06-21T11:36,2026-06-21T12:36,61,0.367
KIT_001,2026-06-21 12:51:00,35.45,41.33,20.06,4.5,3.82,18.22,palta,3,2026-06-21T12:51,35.0,regar 3 min; humedad cambia +0.05%/h en la ultima hora,0.0,2026-06-21T11:51,2026-06-21T12:51,61,0.052
KIT_001,2026-06-21 13:06:00,35.01,39.93,19.95,4.91,3.71,18.39,palta,4,2026-06-21T13:06,35.0,regar 4 min; humedad cambia +0.03%/h en la ultima hora,0.0,2026-06-21T12:06,2026-06-21T13:06,61,0.029
KIT_001,2026-06-21 13:21:00,35.32,40.78,19.75,4.74,3.68,17.06,palta,3,2026-06-21T13:21,35.0,regar 3 min; humedad cambia +0.19%/h en la ultima hora,0.0,2026-06-21T12:21,2026-06-21T13:21,61,0.191
KIT_001,2026-06-21 13:36:00,33.61,39.35,20.47,5.95,4.87,19.49,palta,12,2026-06-21T13:36,35.0,regar 12 min; humedad cambia -0.68%/h en la ultima hora,0.18,2026-06-21T12:36,2026-06-21T13:36,61,-0.681
KIT_001,2026-06-21 13:51:00,34.2,38.74,20.83,5.94,5.54,20.75,palta,16,2026-06-21T13:51,35.0,regar 16 min; humedad cambia -1.58%/h en la ultima hora,0.36,2026-06-21T12:51,2026-06-21T13:51,61,-1.577
KIT_001,2026-06-21 14:06:00,34.31,39.31,20.61,5.61,5.31,20.44,palta,15,2026-06-21T14:06,35.0,regar 15 min; humedad cambia -1.32%/h en la ultima hora,0.35,2026-06-21T13:06,2026-06-21T14:06,61,-1.315
KIT_001,2026-06-21 14:21:00,33.75,39.0,20.95,6.55,5.12,21.26,palta,13,2026-06-21T14:21,35.0,regar 13 min; humedad cambia -0.53%/h en la ultima hora,0.24,2026-06-21T13:21,2026-06-21T14:21,61,-0.533
KIT_001,2026-06-21 14:36:00,34.21,38.69,21.52,6.6,5.14,22.32,palta,10,2026-06-21T14:36,35.0,regar 10 min; humedad cambia -0.33%/h en la ultima hora,0.15,2026-06-21T13:36,2026-06-21T14:36,61,-0.331
KIT_001,2026-06-21 14:51:00,33.92,38.95,21.36,6.06,5.16,21.37,palta,11,2026-06-21T14:51,35.0,regar 11 min; humedad cambia -0.57%/h en la ultima hora,0.14,2026-06-21T13:51,2026-06-21T14:51,61,-0.568
KIT_001,2026-06-21 15:06:00,33.66,38.74,21.45,6.85,5.07,22.05,palta,11,2026-06-21T15:06,35.0,regar 11 min; humedad cambia -0.52%/h en la ultima hora,0.17,2026-06-21T14:06,2026-06-21T15:06,61,-0.521
KIT_001,2026-06-21 15:21:00,33.14,38.66,21.96,6.77,5.48,22.43,palta,11,2026-06-21T15:21,35.0,regar 11 min; humedad cambia -0.35%/h en la ultima hora,0.18,2026-06-21T14:21,2026-06-21T15:21,61,-0.345
KIT_001,2026-06-21 15:36:00,32.69,39.2,21.68,7.05,5.86,21.85,palta,11,2026-06-21T15:36,35.0,regar 11 min; humedad cambia -0.48%/h en la ultima hora,0.04,2026-06-21T14:36,2026-06-21T15:36,61,-0.481
KIT_001,2026-06-21 15:51:00,33.56,38.69,21.64,7.34,5.56,22.29,palta,10,2026-06-21T15:51,35.0,regar 10 min; humedad cambia -0.36%/h en la ultima hora,0.2,2026-06-21T14:51,2026-06-21T15:51,61,-0.362
KIT_001,2026-06-21 16:06:00,33.24,38.4,22.46,7.01,5.47,22.66,palta,10,2026-06-21T16:06,35.0,regar 10 min; humedad cambia -0.09%/h en la ultima hora,0.15,2026-06-21T15:06,2026-06-21T16:06,61,-0.095
KIT_001,2026-06-21 16:21:00,33.2,37.9,22.27,7.12,5.57,23.99,palta,12,2026-06-21T16:21,35.0,regar 12 min; humedad cambia +0.10%/h en la ultima hora,0.17,2026-06-21T15:21,2026-06-21T16:21,61,0.098
KIT_001,2026-06-21 16:36:00,33.07,38.88,23.01,7.65,5.48,23.2,palta,10,2026-06-21T16:36,35.0,regar 10 min; humedad cambia +0.08%/h en la ultima hora,0.17,2026-06-21T15:36,2026-06-21T16:36,61,0.082
KIT_001,2026-06-21 16:51:00,32.88,38.49,23.53,7.2,5.5,24.82,palta,12,2026-06-21T16:51,35.0,regar 12 min; humedad cambia -0.30%/h en la ultima hora,0.11,2026-06-21T15:51,2026-06-21T16:51,61,-0.302
KIT_001,2026-06-21 17:06:00,32.52,38.87,23.65,7.19,5.84,24.91,palta,12,2026-06-21T17:06,35.0,regar 12 min; humedad cambia -0.51%/h en la ultima hora,0.1,2026-06-21T16:06,2026-06-21T17:06,61,-0.507
KIT_001,2026-06-21 17:21:00,33.13,38.13,23.5,7.36,5.41,24.53,palta,11,2026-06-21T17:21,35.0,regar 11 min; humedad cambia -0.35%/h en la ultima hora,0.17,2026-06-21T16:21,2026-06-21T17:21,61,-0.346
KIT_001,2026-06-21 17:36:00,33.76,37.82,23.94,6.75,5.78,25.71,palta,10,2026-06-21T17:36,35.0,regar 10 min; humedad cambia +0.42%/h en la ultima hora,0.14,2026-06-21T16:36,2026-06-21T17:36,61,0.419
KIT_001,2026-06-21 17:51:00,33.05,38.23,23.99,7.1,5.55,25.89,palta,11,2026-06-21T17:51,35.0,regar 11 min; humedad cambia +0.41%/h en la ultima hora,0.18,2026-06-21T16:51,2026-06-21T17:51,61,0.412
KIT_001,2026-06-21 18:06:00,32.88,37.84,24.33,7.77,6.4,25.62,palta,13,2026-06-21T18:06,35.0,regar 13 min; humedad cambia -0.34%/h en la ultima hora,0.17,2026-06-21T17:06,2026-06-21T18:06,61,-0.338
KIT_001,2026-06-21 18:21:00,35.35,39.45,24.04,5.61,5.15,26.03,palta,4,2026-06-21T18:21,35.0,regar 4 min; humedad cambia -0.16%/h en la ultima hora,0.0,2026-06-21T17:21,2026-06-21T18:21,61,-0.156
KIT_001,2026-06-21 18:36:00,37.9,40.64,25.24,2.93,3.7,27.45,palta,3,2026-06-21T18:36,35.0,regar 3 min; humedad cambia +4.96%/h en la ultima hora,0.0,2026-06-21T17:36,2026-06-21T18:36,61,4.963
KIT_001,2026-06-21 18:51:00,38.52,40.03,24.79,3.05,3.71,26.95,palta,4,2026-06-21T18:51,35.0,regar 4 min; humedad cambia +7.26%/h en la ultima hora,0.0,2026-06-21T17:51,2026-06-21T18:51,61,7.256
KIT_001,2026-06-21 19:06:00,37.79,40.26,24.93,3.47,4.37,27.61,palta,4,2026-06-21T19:06,35.0,regar 4 min; humedad cambia +5.53%/h en la ultima hora,0.0,2026-06-21T18:06,2026-06-21T19:06,61,5.535
KIT_001,2026-06-21 19:21:00,37.34,40.16,24.91,3.01,4.08,27.02,palta,3,2026-06-21T19:21,35.0,regar 3 min; humedad cambia +0.68%/h en la ultima hora,0.0,2026-06-21T18:21,2026-06-21T19:21,61,0.682
KIT_001,2026-06-21 19:36:00,37.89,40.42,24.62,3.04,3.63,26.45,palta,4,2026-06-21T19:36,35.0,regar 4 min; humedad cambia -0.58%/h en la ultima hora,0.0,2026-06-21T18:36,2026-06-21T19:36,61,-0.583
KIT_001,2026-06-21 19:51:00,37.08,41.93,25.1,2.64,3.28,27.47,palta,3,2026-06-21T19:51,35.0,regar 3 min; humedad cambia -0.75%/h en la ultima hora,0.0,2026-06-21T18:51,2026-06-21T19:51,61,-0.754
KIT_001,2026-06-21 20:06:00,37.44,42.14,25.53,2.89,3.06,28.25,palta,4,2026-06-21T20:06,35.0,regar 4 min; humedad cambia -0.69%/h en la ultima hora,0.0,2026-06-21T19:06,2026-06-21T20:06,61,-0.69
KIT_001,2026-06-21 20:21:00,37.22,41.42,25.53,3.13,3.04,27.95,palta,3,2026-06-21T20:21,35.0,regar 3 min; humedad cambia -0.45%/h en la ultima hora,0.0,2026-06-21T19:21,2026-06-21T20:21,61,-0.446
KIT_001,2026-06-21 20:36:00,36.99,41.43,25.52,2.97,2.92,27.83,palta,3,2026-06-21T20:36,35.0,regar 3 min; humedad cambia -0.64%/h en la ultima hora,0.0,2026-06-21T19:36,2026-06-21T20:36,61,-0.643
KIT_001,2026-06-21 20:51:00,36.25,42.3,25.68,2.94,2.96,26.91,palta,4,2026-06-21T20:51,35.0,regar 4 min; humedad cambia -0.42%/h en la ultima hora,0.0,2026-06-21T19:51,2026-06-21T20:51,61,-0.417
KIT_001,2026-06-21 21:06:00,36.92,42.04,25.35,3.29,3.52,27.86,palta,4,2026-06-21T21:06,35.0,regar 4 min; humedad cambia -0.63%/h en la ultima hora,0.0,2026-06-21T20:06,2026-06-21T21:06,61,-0.63
KIT_001,2026-06-21 21:21:00,36.49,41.35,25.63,2.54,3.11,28.26,palta,4,2026-06-21T21:21,35.0,regar 4 min; humedad cambia -0.64%/h en la ultima hora,0.0,2026-06-21T20:21,2026-06-21T21:21,61,-0.643
KIT_001,2026-06-21 21:36:00,36.26,41.97,25.25,3.32,3.09,26.77,palta,4,2026-06-21T21:36,35.0,regar 4 min; humedad cambia -0.82%/h en la ultima hora,0.0,2026-06-21T20:36,2026-06-21T21:36,61,-0.816
KIT_001,2026-06-21 21:51:00,36.61,41.26,25.39,3.53,3.0,27.64,palta,4,2026-06-21T21:51,35.0,regar 4 min; humedad cambia -0.47%/h en la ultima hora,0.0,2026-06-21T20:51,2026-06-21T21:51,61,-0.469
KIT_001,2026-06-21 22:06:00,35.96,41.24,25.37,3.21,3.25,27.45,palta,4,2026-06-21T22:06,35.0,regar 4 min; humedad cambia -0.48%/h en la ultima hora,0.0,2026-06-21T21:06,2026-06-21T22:06,61,-0.484
KIT_001,2026-06-21 22:21:00,35.97,41.47,25.55,3.52,3.02,28.56,palta,3,2026-06-21T22:21,35.0,regar 3 min; humedad cambia -0.45%/h en la ultima hora,0.0,2026-06-21T21:21,2026-06-21T22:21,61,-0.451
KIT_001,2026-06-21 22:36:00,35.75,40.81,25.48,3.51,2.99,28.45,palta,4,2026-06-21T22:36,35.0,regar 4 min; humedad cambia -0.55%/h en la ultima hora,0.0,2026-06-21T21:36,2026-06-21T22:36,61,-0.551
KIT_001,2026-06-21 22:51:00,35.63,41.18,25.02,3.19,3.05,26.38,palta,4,2026-06-21T22:51,35.0,regar 4 min; humedad cambia -0.50%/h en la ultima hora,0.0,2026-06-21T21:51,2026-06-21T22:51,61,-0.495
KIT_001,2026-06-21 23:06:00,35.76,41.11,25.31,3.59,3.22,26.98,palta,3,2026-06-21T23:06,35.0,regar 3 min; humedad cambia -0.42%/h en la ultima hora,0.0,2026-06-21T22:06,2026-06-21T23:06,61,-0.423
KIT_001,2026-06-21 23:21:00,35.76,41.0,25.16,3.37,3.13,27.03,palta,4,2026-06-21T23:21,35.0,regar 4 min; humedad cambia -0.45%/h en la ultima hora,0.0,2026-06-21T22:21,2026-06-21T23:21,61,-0.454
KIT_001,2026-06-21 23:36:00,35.32,40.67,24.94,3.24,3.72,26.53,palta,4,2026-06-21T23:36,35.0,regar 4 min; humedad cambia -0.33%/h en la ultima hora,0.0,2026-06-21T22:36,2026-06-21T23:36,61,-0.329
KIT_001,2026-06-21 23:51:00,34.97,40.97,24.52,3.48,3.5,25.89,palta,4,2026-06-21T23:51,35.0,regar 4 min; humedad cambia +0.05%/h en la ultima hora,0.0,2026-06-21T22:51,2026-06-21T23:51,61,0.047
KIT_001,2026-06-22 00:06:00,36.29,40.91,24.77,3.23,3.02,26.31,palta,11,2026-06-22T00:06,35.0,regar 11 min; humedad cambia +0.16%/h en la ultima hora,0.0,2026-06-21T23:06,2026-06-22T00:06,61,0.157
KIT_001,2026-06-22 00:21:00,35.69,40.92,24.51,4.18,3.1,26.53,palta,10,2026-06-22T00:21,35.0,regar 10 min; humedad cambia -0.12%/h en la ultima hora,0.0,2026-06-21T23:21,2026-06-22T00:21,61,-0.12
KIT_001,2026-06-22 00:36:00,35.38,40.66,24.69,4.0,4.05,26.49,palta,11,2026-06-22T00:36,35.0,regar 11 min; humedad cambia +0.05%/h en la ultima hora,0.0,2026-06-21T23:36,2026-06-22T00:36,61,0.048
KIT_001,2026-06-22 00:51:00,35.8,40.67,24.22,4.3,3.83,25.31,palta,11,2026-06-22T00:51,35.0,regar 11 min; humedad cambia +0.16%/h en la ultima hora,0.0,2026-06-21T23:51,2026-06-22T00:51,61,0.158
KIT_001,2026-06-22 01:06:00,34.66,40.58,24.26,4.49,3.57,24.81,palta,14,2026-06-22T01:06,35.0,regar 14 min; humedad cambia -0.47%/h en la ultima hora,0.0,2026-06-22T00:06,2026-06-22T01:06,61,-0.468
KIT_001,2026-06-22 01:21:00,35.23,40.84,23.98,4.64,3.69,25.56,palta,12,2026-06-22T01:21,35.0,regar 12 min; humedad cambia -0.89%/h en la ultima hora,0.0,2026-06-22T00:21,2026-06-22T01:21,61,-0.893
KIT_001,2026-06-22 01:36:00,34.87,40.18,23.95,4.24,3.79,24.6,palta,12,2026-06-22T01:36,35.0,regar 12 min; humedad cambia -0.53%/h en la ultima hora,0.0,2026-06-22T00:36,2026-06-22T01:36,61,-0.535
KIT_001,2026-06-22 01:51:00,34.92,40.92,22.93,4.22,4.23,23.26,palta,11,2026-06-22T01:51,35.0,regar 11 min; humedad cambia -0.14%/h en la ultima hora,0.0,2026-06-22T00:51,2026-06-22T01:51,61,-0.139
KIT_001,2026-06-22 02:06:00,35.12,40.76,23.46,5.12,3.71,23.75,palta,10,2026-06-22T02:06,35.0,regar 10 min; humedad cambia +0.12%/h en la ultima hora,0.0,2026-06-22T01:06,2026-06-22T02:06,61,0.12
KIT_001,2026-06-22 02:21:00,35.46,40.59,23.12,4.76,3.74,22.93,palta,8,2026-06-22T02:21,35.0,regar 8 min; humedad cambia -0.09%/h en la ultima hora,0.0,2026-06-22T01:21,2026-06-22T02:21,61,-0.089
KIT_001,2026-06-22 02:36:00,34.85,40.22,22.24,4.55,3.44,21.63,palta,10,2026-06-22T02:36,35.0,regar 10 min; humedad cambia -0.15%/h en la ultima hora,0.0,2026-06-22T01:36,2026-06-22T02:36,61,-0.145
KIT_001,2026-06-22 02:51:00,34.53,40.1,22.78,5.17,3.84,22.46,palta,15,2026-06-22T02:51,35.0,regar 15 min; humedad cambia -0.37%/h en la ultima hora,0.0,2026-06-22T01:51,2026-06-22T02:51,61,-0.365
KIT_001,2026-06-22 03:06:00,34.8,40.24,22.73,5.21,3.86,22.74,palta,12,2026-06-22T03:06,35.0,regar 12 min; humedad cambia -0.18%/h en la ultima hora,0.0,2026-06-22T02:06,2026-06-22T03:06,61,-0.176
KIT_001,2026-06-22 03:21:00,34.57,39.53,21.91,5.14,3.97,20.77,palta,16,2026-06-22T03:21,35.0,regar 16 min; humedad cambia +0.09%/h en la ultima hora,0.0,2026-06-22T02:21,2026-06-22T03:21,61,0.09
KIT_001,2026-06-22 03:36:00,34.95,39.76,21.77,5.02,4.51,20.72,palta,12,2026-06-22T03:36,35.0,regar 12 min; humedad cambia -0.00%/h en la ultima hora,0.0,2026-06-22T02:36,2026-06-22T03:36,61,-0.0
KIT_001,2026-06-22 03:51:00,35.48,40.51,21.93,5.05,4.14,21.58,palta,10,2026-06-22T03:51,35.0,regar 10 min; humedad cambia -0.09%/h en la ultima hora,0.0,2026-06-22T02:51,2026-06-22T03:51,61,-0.091
KIT_001,2026-06-22 04:06:00,35.16,40.5,21.26,5.41,3.82,19.86,palta,10,2026-06-22T04:06,35.0,regar 10 min; humedad cambia -0.03%/h en la ultima hora,0.0,2026-06-22T03:06,2026-06-22T04:06,61,-0.03
KIT_001,2026-06-22 04:21:00,33.7,40.13,21.28,5.03,3.32,20.1,palta,15,2026-06-22T04:21,35.0,regar 15 min; humedad cambia -0.10%/h en la ultima hora,0.0,2026-06-22T03:21,2026-06-22T04:21,61,-0.101
KIT_001,2026-06-22 04:36:00,34.45,39.69,21.19,5.12,3.95,20.52,palta,14,2026-06-22T04:36,35.0,regar 14 min; humedad cambia -0.31%/h en la ultima hora,0.0,2026-06-22T03:36,2026-06-22T04:36,61,-0.306
KIT_001,2026-06-22 04:51:00,35.07,40.15,20.57,5.39,3.77,18.82,palta,10,2026-06-22T04:51,35.0,regar 10 min; humedad cambia -0.14%/h en la ultima hora,0.0,2026-06-22T03:51,2026-06-22T04:51,61,-0.137
KIT_001,2026-06-22 05:06:00,35.03,40.47,20.82,5.22,4.02,18.74,palta,11,2026-06-22T05:06,35.0,regar 11 min; humedad cambia +0.13%/h en la ultima hora,0.0,2026-06-22T04:06,2026-06-22T05:06,61,0.134
KIT_001,2026-06-22 05:21:00,34.73,40.19,20.02,4.89,4.3,18.03,palta,12,2026-06-22T05:21,35.0,regar 12 min; humedad cambia +0.45%/h en la ultima hora,0.0,2026-06-22T04:21,2026-06-22T05:21,61,0.453
KIT_001,2026-06-22 05:36:00,35.26,40.56,20.08,4.33,3.5,18.18,palta,9,2026-06-22T05:36,35.0,regar 9 min; humedad cambia +0.38%/h en la ultima hora,0.0,2026-06-22T04:36,2026-06-22T05:36,61,0.381
KIT_001,2026-06-22 05:51:00,34.76,40.01,19.92,4.91,3.79,17.88,palta,11,2026-06-22T05:51,35.0,regar 11 min; humedad cambia +0.32%/h en la ultima hora,0.0,2026-06-22T04:51,2026-06-22T05:51,61,0.319
KIT_001,2026-06-22 06:06:00,33.97,39.02,20.36,6.04,5.03,19.82,palta,21,2026-06-22T06:06,35.0,regar 21 min; humedad cambia -0.45%/h en la ultima hora,0.11,2026-06-22T05:06,2026-06-22T06:06,61,-0.447
KIT_001,2026-06-22 06:21:00,34.08,39.02,20.72,6.08,5.08,20.59,palta,29,2026-06-22T06:21,35.0,regar 29 min; humedad cambia -1.28%/h en la ultima hora,0.36,2026-06-22T05:21,2026-06-22T06:21,61,-1.282
KIT_001,2026-06-22 06:36:00,34.1,38.91,20.86,5.89,5.19,20.79,palta,30,2026-06-22T06:36,35.0,regar 30 min; humedad cambia -1.28%/h en la ultima hora,0.41,2026-06-22T05:36,2026-06-22T06:36,61,-1.284
KIT_001,2026-06-22 06:51:00,34.01,38.88,20.95,6.05,5.05,20.83,palta,23,2026-06-22T06:51,35.0,regar 23 min; humedad cambia -0.63%/h en la ultima hora,0.21,2026-06-22T05:51,2026-06-22T06:51,61,-0.634
KIT_001,2026-06-22 07:06:00,33.7,38.88,21.45,6.48,5.07,21.96,palta,19,2026-06-22T07:06,35.0,regar 19 min; humedad cambia -0.23%/h en la ultima hora,0.09,2026-06-22T06:06,2026-06-22T07:06,61,-0.235
KIT_001,2026-06-22 07:21:00,33.64,38.81,21.31,6.42,5.27,21.39,palta,21,2026-06-22T07:21,35.0,regar 21 min; humedad cambia -0.64%/h en la ultima hora,0.11,2026-06-22T06:21,2026-06-22T07:21,61,-0.643
KIT_001,2026-06-22 07:36:00,33.56,38.76,21.62,6.6,4.99,21.99,palta,19,2026-06-22T07:36,35.0,regar 19 min; humedad cambia -0.59%/h en la ultima hora,0.11,2026-06-22T06:36,2026-06-22T07:36,61,-0.593
KIT_001,2026-06-22 07:51:00,33.41,38.79,21.76,6.59,5.03,22.16,palta,18,2026-06-22T07:51,35.0,regar 18 min; humedad cambia -0.45%/h en la ultima hora,0.04,2026-06-22T06:51,2026-06-22T07:51,61,-0.453
KIT_001,2026-06-22 08:06:00,33.32,38.68,21.83,6.91,5.54,22.12,palta,20,2026-06-22T08:06,35.0,regar 20 min; humedad cambia -0.39%/h en la ultima hora,0.1,2026-06-22T07:06,2026-06-22T08:06,61,-0.389
KIT_001,2026-06-22 08:21:00,33.25,38.55,21.92,7.27,5.39,22.14,palta,21,2026-06-22T08:21,35.0,regar 21 min; humedad cambia -0.43%/h en la ultima hora,0.14,2026-06-22T07:21,2026-06-22T08:21,61,-0.432
KIT_001,2026-06-22 08:36:00,33.34,38.53,22.34,6.94,5.41,23.02,palta,15,2026-06-22T08:36,35.0,regar 15 min; humedad cambia -0.22%/h en la ultima hora,0.11,2026-06-22T07:36,2026-06-22T08:36,61,-0.221
KIT_001,2026-06-22 08:51:00,33.25,38.5,22.82,7.22,5.62,24.06,palta,16,2026-06-22T08:51,35.0,regar 16 min; humedad cambia -0.07%/h en la ultima hora,0.12,2026-06-22T07:51,2026-06-22T08:51,61,-0.074
KIT_001,2026-06-22 09:06:00,33.23,38.5,22.69,7.26,5.41,23.51,palta,15,2026-06-22T09:06,35.0,regar 15 min; humedad cambia -0.05%/h en la ultima hora,0.1,2026-06-22T08:06,2026-06-22T09:06,61,-0.05
KIT_001,2026-06-22 09:21:00,33.11,38.31,23.53,7.17,5.79,25.49,palta,19,2026-06-22T09:21,35.0,regar 19 min; humedad cambia -0.20%/h en la ultima hora,0.2,2026-06-22T08:21,2026-06-22T09:21,61,-0.199
KIT_001,2026-06-22 09:36:00,33.01,38.36,23.41,7.04,5.64,24.97,palta,19,2026-06-22T09:36,35.0,regar 19 min; humedad cambia -0.37%/h en la ultima hora,0.23,2026-06-22T08:36,2026-06-22T09:36,61,-0.365
KIT_001,2026-06-22 09:51:00,33.11,38.35,23.3,7.12,5.7,24.46,palta,19,2026-06-22T09:51,35.0,regar 19 min; humedad cambia -0.29%/h en la ultima hora,0.21,2026-06-22T08:51,2026-06-22T09:51,61,-0.292
KIT_001,2026-06-22 10:06:00,33.31,38.35,23.79,6.83,5.46,25.54,palta,16,2026-06-22T10:06,35.0,regar 16 min; humedad cambia +0.13%/h en la ultima hora,0.14,2026-06-22T09:06,2026-06-22T10:06,61,0.129
KIT_001,2026-06-22 10:21:00,33.08,38.29,23.77,7.27,5.5,25.29,palta,17,2026-06-22T10:21,35.0,regar 17 min; humedad cambia +0.29%/h en la ultima hora,0.18,2026-06-22T09:21,2026-06-22T10:21,61,0.29
KIT_001,2026-06-22 10:36:00,32.9,38.12,24.15,7.52,5.72,26.09,palta,19,2026-06-22T10:36,35.0,regar 19 min; humedad cambia -0.11%/h en la ultima hora,0.23,2026-06-22T09:36,2026-06-22T10:36,61,-0.112
KIT_001,2026-06-22 10:51:00,33.47,38.35,24.29,7.05,5.8,26.28,palta,17,2026-06-22T10:51,35.0,regar 17 min; humedad cambia -0.43%/h en la ultima hora,0.21,2026-06-22T09:51,2026-06-22T10:51,61,-0.426
KIT_001,2026-06-22 11:06:00,37.9,40.4,24.75,3.0,3.83,27.3,palta,4,2026-06-22T11:06,35.0,regar 4 min; humedad cambia +4.08%/h en la ultima hora,0.0,2026-06-22T10:06,2026-06-22T11:06,61,4.084
KIT_001,2026-06-22 11:21:00,37.96,40.38,24.66,3.0,4.05,26.89,palta,5,2026-06-22T11:21,35.0,regar 5 min; humedad cambia +7.12%/h en la ultima hora,0.0,2026-06-22T10:21,2026-06-22T11:21,61,7.116
KIT_001,2026-06-22 11:36:00,37.75,40.27,24.85,3.0,4.13,27.21,palta,4,2026-06-22T11:36,35.0,regar 4 min; humedad cambia +6.27%/h en la ultima hora,0.0,2026-06-22T10:36,2026-06-22T11:36,61,6.273
KIT_001,2026-06-22 11:51:00,37.71,40.33,24.69,3.0,3.93,26.65,palta,3,2026-06-22T11:51,35.0,regar 3 min; humedad cambia +1.66%/h en la ultima hora,0.0,2026-06-22T10:51,2026-06-22T11:51,61,1.663
KIT_001,2026-06-22 12:06:00,37.46,40.3,24.8,3.0,3.66,26.79,palta,6,2026-06-22T12:06,35.0,regar 6 min; humedad cambia -0.47%/h en la ultima hora,0.0,2026-06-22T11:06,2026-06-22T12:06,61,-0.471
KIT_001,2026-06-22 12:21:00,37.29,41.94,24.88,3.0,3.0,26.88,palta,3,2026-06-22T12:21,35.0,regar 3 min; humedad cambia -0.64%/h en la ultima hora,0.0,2026-06-22T11:21,2026-06-22T12:21,61,-0.637
KIT_001,2026-06-22 12:36:00,37.23,41.84,25.39,3.0,3.0,28.09,palta,3,2026-06-22T12:36,35.0,regar 3 min; humedad cambia -0.61%/h en la ultima hora,0.0,2026-06-22T11:36,2026-06-22T12:36,61,-0.609
KIT_001,2026-06-22 12:51:00,37.12,41.74,25.38,3.0,3.0,27.93,palta,4,2026-06-22T12:51,35.0,regar 4 min; humedad cambia -0.52%/h en la ultima hora,0.0,2026-06-22T11:51,2026-06-22T12:51,61,-0.516
KIT_001,2026-06-22 13:06:00,37.01,41.71,25.34,3.0,3.0,27.75,palta,3,2026-06-22T13:06,35.0,regar 3 min; humedad cambia -0.42%/h en la ultima hora,0.0,2026-06-22T12:06,2026-06-22T13:06,61,-0.421
KIT_001,2026-06-22 13:21:00,36.94,41.69,25.1,3.0,3.0,27.03,palta,4,2026-06-22T13:21,35.0,regar 4 min; humedad cambia -0.38%/h en la ultima hora,0.0,2026-06-22T12:21,2026-06-22T13:21,61,-0.376
KIT_001,2026-06-22 13:36:00,36.66,41.72,25.34,3.0,3.0,27.58,palta,4,2026-06-22T13:36,35.0,regar 4 min; humedad cambia -0.51%/h en la ultima hora,0.0,2026-06-22T12:36,2026-06-22T13:36,61,-0.514
KIT_001,2026-06-22 13:51:00,36.45,41.56,25.74,3.01,3.0,28.58,palta,5,2026-06-22T13:51,35.0,regar 5 min; humedad cambia -0.67%/h en la ultima hora,0.0,2026-06-22T12:51,2026-06-22T13:51,61,-0.669
KIT_001,2026-06-22 14:06:00,36.23,41.49,25.27,3.21,3.0,27.3,palta,6,2026-06-22T14:06,35.0,regar 6 min; humedad cambia -0.90%/h en la ultima hora,0.0,2026-06-22T13:06,2026-06-22T14:06,61,-0.895
KIT_001,2026-06-22 14:21:00,36.21,41.29,25.55,3.21,3.0,28.0,palta,5,2026-06-22T14:21,35.0,regar 5 min; humedad cambia -0.77%/h en la ultima hora,0.0,2026-06-22T13:21,2026-06-22T14:21,61,-0.771
KIT_001,2026-06-22 14:36:00,36.09,41.18,25.32,3.0,3.01,27.38,palta,4,2026-06-22T14:36,35.0,regar 4 min; humedad cambia -0.52%/h en la ultima hora,0.0,2026-06-22T13:36,2026-06-22T14:36,61,-0.518
KIT_001,2026-06-22 14:51:00,35.89,41.1,25.58,3.62,3.0,28.05,palta,4,2026-06-22T14:51,35.0,regar 4 min; humedad cambia -0.42%/h en la ultima hora,0.0,2026-06-22T13:51,2026-06-22T14:51,61,-0.425
KIT_001,2026-06-22 15:06:00,35.94,40.98,25.6,3.21,3.14,28.12,palta,4,2026-06-22T15:06,35.0,regar 4 min; humedad cambia -0.42%/h en la ultima hora,0.0,2026-06-22T14:06,2026-06-22T15:06,61,-0.415
KIT_001,2026-06-22 15:21:00,35.92,41.0,25.09,3.1,3.04,26.81,palta,4,2026-06-22T15:21,35.0,regar 4 min; humedad cambia -0.28%/h en la ultima hora,0.0,2026-06-22T14:21,2026-06-22T15:21,61,-0.283
KIT_001,2026-06-22 15:36:00,35.65,40.91,25.21,3.68,3.35,27.19,palta,3,2026-06-22T15:36,35.0,regar 3 min; humedad cambia -0.31%/h en la ultima hora,0.0,2026-06-22T14:36,2026-06-22T15:36,61,-0.312
KIT_001,2026-06-22 15:51:00,35.62,40.82,25.31,3.97,3.12,27.47,palta,4,2026-06-22T15:51,35.0,regar 4 min; humedad cambia -0.41%/h en la ultima hora,0.0,2026-06-22T14:51,2026-06-22T15:51,61,-0.41
KIT_001,2026-06-22 16:06:00,35.62,40.77,24.91,3.37,3.3,26.51,palta,4,2026-06-22T16:06,35.0,regar 4 min; humedad cambia -0.44%/h en la ultima hora,0.0,2026-06-22T15:06,2026-06-22T16:06,61,-0.443
KIT_001,2026-06-22 16:21:00,35.61,40.71,24.58,3.71,3.53,25.73,palta,3,2026-06-22T16:21,35.0,regar 3 min; humedad cambia -0.16%/h en la ultima hora,0.0,2026-06-22T15:21,2026-06-22T16:21,61,-0.16
KIT_001,2026-06-22 16:36:00,35.52,40.63,24.72,3.77,3.42,26.19,palta,3,2026-06-22T16:36,35.0,regar 3 min; humedad cambia -0.10%/h en la ultima hora,0.0,2026-06-22T15:36,2026-06-22T16:36,61,-0.097
KIT_001,2026-06-22 16:51:00,35.49,40.72,24.87,4.03,3.46,26.69,palta,3,2026-06-22T16:51,35.0,regar 3 min; humedad cambia -0.14%/h en la ultima hora,0.0,2026-06-22T15:51,2026-06-22T16:51,61,-0.144
KIT_001,2026-06-22 17:06:00,35.56,40.65,24.56,3.97,3.57,25.98,palta,3,2026-06-22T17:06,35.0,regar 3 min; humedad cambia -0.14%/h en la ultima hora,0.0,2026-06-22T16:06,2026-06-22T17:06,61,-0.14
KIT_001,2026-06-22 17:21:00,35.32,40.53,24.3,4.22,3.65,25.45,palta,3,2026-06-22T17:21,35.0,regar 3 min; humedad cambia -0.10%/h en la ultima hora,0.0,2026-06-22T16:21,2026-06-22T17:21,61,-0.099
KIT_001,2026-06-22 17:36:00,35.08,40.54,24.05,4.62,3.52,24.93,palta,4,2026-06-22T17:36,35.0,regar 4 min; humedad cambia -0.43%/h en la ultima hora,0.0,2026-06-22T16:36,2026-06-22T17:36,61,-0.425
KIT_001,2026-06-22 17:51:00,35.05,40.53,24.22,4.54,3.52,25.51,palta,5,2026-06-22T17:51,35.0,regar 5 min; humedad cambia -0.66%/h en la ultima hora,0.0,2026-06-22T16:51,2026-06-22T17:51,61,-0.66
KIT_001,2026-06-22 18:06:00,35.08,40.39,23.9,4.4,3.83,24.86,palta,4,2026-06-22T18:06,35.0,regar 4 min; humedad cambia -0.53%/h en la ultima hora,0.0,2026-06-22T17:06,2026-06-22T18:06,61,-0.532
KIT_001,2026-06-22 18:21:00,34.89,40.46,22.89,4.68,3.99,22.41,palta,4,2026-06-22T18:21,35.0,regar 4 min; humedad cambia -0.22%/h en la ultima hora,0.0,2026-06-22T17:21,2026-06-22T18:21,61,-0.221
KIT_001,2026-06-22 18:36:00,34.9,40.5,23.35,4.67,3.57,23.76,palta,4,2026-06-22T18:36,35.0,regar 4 min; humedad cambia -0.24%/h en la ultima hora,0.0,2026-06-22T17:36,2026-06-22T18:36,61,-0.235
KIT_001,2026-06-22 18:51:00,34.88,40.55,22.98,5.16,3.33,22.97,palta,3,2026-06-22T18:51,35.0,regar 3 min; humedad cambia -0.25%/h en la ultima hora,0.0,2026-06-22T17:51,2026-06-22T18:51,61,-0.251
KIT_001,2026-06-22 19:06:00,34.85,40.43,22.53,4.48,3.41,22.0,palta,5,2026-06-22T19:06,35.0,regar 5 min; humedad cambia -0.19%/h en la ultima hora,0.0,2026-06-22T18:06,2026-06-22T19:06,61,-0.195
KIT_001,2026-06-22 19:21:00,34.84,40.35,22.55,5.19,3.83,22.26,palta,5,2026-06-22T19:21,35.0,regar 5 min; humedad cambia -0.06%/h en la ultima hora,0.0,2026-06-22T18:21,2026-06-22T19:21,61,-0.063
KIT_001,2026-06-22 19:36:00,34.9,40.33,22.62,4.66,3.67,22.64,palta,4,2026-06-22T19:36,35.0,regar 4 min; humedad cambia -0.04%/h en la ultima hora,0.0,2026-06-22T18:36,2026-06-22T19:36,61,-0.036
KIT_001,2026-06-22 19:51:00,34.87,40.23,22.0,5.04,4.03,21.23,palta,5,2026-06-22T19:51,35.0,regar 5 min; humedad cambia +0.07%/h en la ultima hora,0.0,2026-06-22T18:51,2026-06-22T19:51,61,0.071
KIT_001,2026-06-22 20:06:00,34.84,40.19,21.75,5.08,3.91,20.79,palta,5,2026-06-22T20:06,35.0,regar 5 min; humedad cambia -0.01%/h en la ultima hora,0.0,2026-06-22T19:06,2026-06-22T20:06,61,-0.008
KIT_001,2026-06-22 20:21:00,34.92,40.25,21.89,4.89,4.15,21.37,palta,3,2026-06-22T20:21,35.0,regar 3 min; humedad cambia +0.00%/h en la ultima hora,0.0,2026-06-22T19:21,2026-06-22T20:21,61,0.002
KIT_001,2026-06-22 20:36:00,34.88,40.3,21.41,5.09,3.87,20.32,palta,3,2026-06-22T20:36,35.0,regar 3 min; humedad cambia +0.03%/h en la ultima hora,0.0,2026-06-22T19:36,2026-06-22T20:36,61,0.031
KIT_001,2026-06-22 20:51:00,34.63,40.35,21.35,5.02,3.61,20.37,palta,6,2026-06-22T20:51,35.0,regar 6 min; humedad cambia -0.09%/h en la ultima hora,0.0,2026-06-22T19:51,2026-06-22T20:51,61,-0.092
KIT_001,2026-06-22 21:06:00,34.68,40.28,21.16,5.21,3.62,20.1,palta,5,2026-06-22T21:06,35.0,regar 5 min; humedad cambia -0.31%/h en la ultima hora,0.0,2026-06-22T20:06,2026-06-22T21:06,61,-0.313
KIT_001,2026-06-22 21:21:00,34.9,40.23,20.62,5.12,3.83,18.92,palta,3,2026-06-22T21:21,35.0,regar 3 min; humedad cambia -0.20%/h en la ultima hora,0.0,2026-06-22T20:21,2026-06-22T21:21,61,-0.203
KIT_001,2026-06-22 21:36:00,34.9,40.27,20.48,4.95,3.77,18.76,palta,3,2026-06-22T21:36,35.0,regar 3 min; humedad cambia +0.18%/h en la ultima hora,0.0,2026-06-22T20:36,2026-06-22T21:36,61,0.177
KIT_001,2026-06-22 21:51:00,34.82,40.3,20.05,4.74,3.84,17.84,palta,4,2026-06-22T21:51,35.0,regar 4 min; humedad cambia +0.28%/h en la ultima hora,0.0,2026-06-22T20:51,2026-06-22T21:51,61,0.282
KIT_001,2026-06-22 22:06:00,35.04,40.34,20.24,4.53,3.71,18.53,palta,3,2026-06-22T22:06,35.0,regar 3 min; humedad cambia +0.21%/h en la ultima hora,0.0,2026-06-22T21:06,2026-06-22T22:06,61,0.208
KIT_001,2026-06-22 22:21:00,34.98,40.31,19.97,5.14,3.86,18.04,palta,3,2026-06-22T22:21,35.0,regar 3 min; humedad cambia +0.19%/h en la ultima hora,0.0,2026-06-22T21:21,2026-06-22T22:21,61,0.195
KIT_001,2026-06-22 22:36:00,34.84,40.41,19.56,4.82,3.64,17.16,palta,4,2026-06-22T22:36,35.0,regar 4 min; humedad cambia +0.11%/h en la ultima hora,0.0,2026-06-22T21:36,2026-06-22T22:36,61,0.111
